state_id,disease,year,observed,expected,zscore,pctile
andaman_and_nicobar_islands,dengue,2018,49.0,24.0,1.70356632342659,0.8
andaman_and_nicobar_islands,dengue,2019,168.0,24.0,1.8595867034314446,1.0
andaman_and_nicobar_islands,dengue,2020,98.0,49.0,0.6647109337008531,0.8571428571428571
andaman_and_nicobar_islands,dengue,2021,175.0,67.0,1.707678328836207,1.0
andaman_and_nicobar_islands,dengue,2022,1080.0,98.0,2.8023730565934573,1.0
andaman_and_nicobar_islands,malaria,2006,2993.0,865.0,6.041428200486306,0.8
andaman_and_nicobar_islands,malaria,2007,3973.0,865.0,6.889838003463749,1.0
andaman_and_nicobar_islands,malaria,2008,4688.0,2993.0,1.0685817469517307,1.0
andaman_and_nicobar_islands,malaria,2009,5760.0,3954.0,1.490239693464597,1.0
andaman_and_nicobar_islands,malaria,2010,2484.0,3973.0,-1.9140587460961485,0.4444444444444444
andaman_and_nicobar_islands,malaria,2011,1918.0,3973.0,-1.7340138383847112,0.4
andaman_and_nicobar_islands,malaria,2012,1539.0,3973.0,-1.7219113375379993,0.36363636363636365
andaman_and_nicobar_islands,malaria,2013,1005.0,2484.0,-1.2747086365224352,0.3333333333333333
andaman_and_nicobar_islands,malaria,2014,557.0,1918.0,-3.2233387484328073,0.0
andaman_and_nicobar_islands,malaria,2015,409.0,1539.0,-2.096306293822786,0.0
andaman_and_nicobar_islands,malaria,2016,485.0,1005.0,-0.8325914441590881,0.06666666666666667
andaman_and_nicobar_islands,malaria,2017,505.0,557.0,-0.21408126814392003,0.125
andaman_and_nicobar_islands,malaria,2018,259.0,505.0,-4.591111660350303,0.0
andaman_and_nicobar_islands,malaria,2019,202.0,485.0,-4.262256780772112,0.0
andaman_and_nicobar_islands,malaria,2020,85.0,409.0,-5.007266739096304,0.0
andaman_and_nicobar_islands,malaria,2021,27.0,259.0,-2.4029134518711692,0.0
andaman_and_nicobar_islands,malaria,2022,46.0,202.0,-1.1489892060954305,0.047619047619047616
andaman_and_nicobar_islands,chikungunya,2014,161.0,202.0,-0.20605639833351216,0.4
andaman_and_nicobar_islands,chikungunya,2015,68.0,161.0,-1.2474458619066788,0.16666666666666666
andaman_and_nicobar_islands,chikungunya,2016,18.0,161.0,-3.1324014408582426,0.0
andaman_and_nicobar_islands,chikungunya,2017,93.0,161.0,-0.7955416637677243,0.375
andaman_and_nicobar_islands,chikungunya,2018,205.0,93.0,0.9722421190691803,0.7777777777777778
andaman_and_nicobar_islands,chikungunya,2019,702.0,93.0,2.49331881011914,0.9
andaman_and_nicobar_islands,chikungunya,2020,610.0,93.0,1.6091552687591013,0.8181818181818182
andaman_and_nicobar_islands,chikungunya,2021,187.0,205.0,-0.056724013710391104,0.5
andaman_and_nicobar_islands,chikungunya,2022,65.0,205.0,-0.9785088555256699,0.15384615384615385
andhra_pradesh,dengue,2005,58.028944295463255,35.75520810124504,0.24448031971170056,0.8
andhra_pradesh,dengue,2006,115.47173763844708,55.68434048554556,1.1212251080949127,0.8333333333333334
andhra_pradesh,dengue,2007,344.0706091054236,58.028944295463255,2.5139159908973183,1.0
andhra_pradesh,dengue,2008,183.4652481260606,115.47173763844708,0.4563416365159744,0.875
andhra_pradesh,dengue,2009,697.519633450518,134.81471907026815,3.607787358809699,1.0
andhra_pradesh,dengue,2010,776.0,183.4652481260606,1.5486545622858257,1.0
andhra_pradesh,dengue,2011,1209.0,344.0706091054236,1.19996733241684,1.0
andhra_pradesh,dengue,2012,2299.0,697.519633450518,1.4630020370056427,1.0
andhra_pradesh,dengue,2013,910.0,776.0,0.24227737220610387,0.8461538461538461
andhra_pradesh,dengue,2017,4925.0,910.0,4.286341167120365,1.0
andhra_pradesh,dengue,2018,4011.0,1209.0,1.8253038987610395,0.9333333333333333
andhra_pradesh,dengue,2019,5286.0,2299.0,0.8740724134043439,1.0
andhra_pradesh,dengue,2020,925.0,4011.0,-3.583543868918012,0.7058823529411765
andhra_pradesh,dengue,2021,4760.0,4011.0,0.41836018544861026,0.8888888888888888
andhra_pradesh,dengue,2022,6391.0,4760.0,1.8960943241134736,1.0
andhra_pradesh,malaria,2006,19976.610611451342,22304.80219469963,-1.102346556735192,0.0
andhra_pradesh,malaria,2007,16296.754931785505,21098.50353449697,-2.582221469542496,0.0
andhra_pradesh,malaria,2008,15488.452768316376,20765.569793488652,-2.931851465318669,0.0
andhra_pradesh,malaria,2009,14742.868756762544,19976.610611451342,-1.4918052357000624,0.0
andhra_pradesh,malaria,2010,19573.3387561455,16296.754931785505,1.233146916299753,0.3333333333333333
andhra_pradesh,malaria,2011,34949.0,16296.754931785505,5.135356969254877,1.0
andhra_pradesh,malaria,2012,24699.0,16296.754931785505,2.7987710799628625,0.8181818181818182
andhra_pradesh,malaria,2013,19787.0,19573.3387561455,0.03128438852594765,0.3333333333333333
andhra_pradesh,malaria,2014,21077.0,19787.0,0.19211365466401167,0.5384615384615384
andhra_pradesh,malaria,2015,25042.0,21077.0,1.5708372779788213,0.8571428571428571
andhra_pradesh,malaria,2016,23613.0,24699.0,-0.19125185170548198,0.7333333333333333
andhra_pradesh,malaria,2017,16972.0,23613.0,-3.3021591030552244,0.1875
andhra_pradesh,malaria,2018,6040.0,21077.0,-7.419108797652966,0.0
andhra_pradesh,malaria,2019,3104.0,21077.0,-7.494556847816621,0.0
andhra_pradesh,malaria,2020,2027.0,16972.0,-3.684097804056693,0.0
andhra_pradesh,malaria,2021,1315.0,6040.0,-0.9950159810610826,0.0
andhra_pradesh,malaria,2022,2019.0,3104.0,-0.435687716922694,0.047619047619047616
andhra_pradesh,chikungunya,2011,99.0,116.0,-0.06660328700826966,0.4
andhra_pradesh,chikungunya,2012,2827.0,99.0,1.8101350854230982,0.8333333333333334
andhra_pradesh,chikungunya,2013,4827.0,116.0,2.305437054170459,0.8571428571428571
andhra_pradesh,chikungunya,2014,1359.0,346.4152129153413,0.7391418015424985,0.625
andhra_pradesh,chikungunya,2015,817.0,1359.0,-0.27064735826135367,0.5555555555555556
andhra_pradesh,chikungunya,2016,960.0,1359.0,-0.3199456380589019,0.6
andhra_pradesh,chikungunya,2017,1162.0,1359.0,-0.20761248540350713,0.6363636363636364
andhra_pradesh,chikungunya,2018,622.0,1162.0,-2.2068178927558524,0.4166666666666667
andhra_pradesh,chikungunya,2019,832.0,960.0,-0.505348226050407,0.5384615384615384
andhra_pradesh,chikungunya,2020,318.0,832.0,-4.529183226335433,0.2857142857142857
andhra_pradesh,chikungunya,2021,753.0,832.0,-0.23136006133692716,0.4666666666666667
andhra_pradesh,chikungunya,2022,1611.0,753.0,2.6854347955398206,0.8125
arunachal_pradesh,dengue,2021,7.0,18.0,-0.25915466796298103,0.4
arunachal_pradesh,dengue,2022,102.0,7.0,1.243255270195339,0.6666666666666666
arunachal_pradesh,malaria,2006,39182.0,34810.0,0.5190206888982947,0.6
arunachal_pradesh,malaria,2007,32072.0,34810.0,-0.4670250489269332,0.3333333333333333
arunachal_pradesh,malaria,2008,29146.0,32072.0,-0.8982844356028027,0.0
arunachal_pradesh,malaria,2009,22066.0,31215.0,-3.4684750397981112,0.0
arunachal_pradesh,malaria,2010,17944.0,31215.0,-5.444993444085763,0.0
arunachal_pradesh,malaria,2011,13950.0,29146.0,-1.7859188303432592,0.0
arunachal_pradesh,malaria,2012,8368.0,22066.0,-2.350072900488619,0.0
arunachal_pradesh,malaria,2013,6398.0,17944.0,-2.76260555916368,0.0
arunachal_pradesh,malaria,2014,6082.0,13950.0,-1.2209902481114518,0.0
arunachal_pradesh,malaria,2015,5088.0,8368.0,-1.0516902806688861,0.0
arunachal_pradesh,malaria,2016,3128.0,6398.0,-2.1066486994359837,0.0
arunachal_pradesh,malaria,2017,1546.0,6082.0,-5.176083933949281,0.0
arunachal_pradesh,malaria,2018,625.0,5088.0,-6.170364829307399,0.0
arunachal_pradesh,malaria,2019,139.0,3128.0,-3.1521877363763053,0.0
arunachal_pradesh,malaria,2020,33.0,1546.0,-2.8461895715223804,0.0
arunachal_pradesh,malaria,2021,8.0,625.0,-1.9104356435540675,0.0
arunachal_pradesh,malaria,2022,17.0,139.0,-0.9237869839234077,0.047619047619047616
assam,dengue,2019,196.0,1058.0,-0.7599161889054129,0.2
assam,dengue,2020,33.0,1058.0,-1.489553764524341,0.0
assam,dengue,2021,103.0,196.0,-0.24525430020568628,0.14285714285714285
assam,dengue,2022,1826.0,166.0,3.407235114484699,0.75
assam,malaria,2006,126178.0,76570.0,2.14366509878767,1.0
assam,malaria,2007,94853.0,76570.0,0.9189550626106161,0.6666666666666666
assam,malaria,2008,83939.0,76570.0,0.2894389691075203,0.42857142857142855
assam,malaria,2009,91413.0,83939.0,0.2710272889531389,0.625
assam,malaria,2010,68353.0,91413.0,-2.2987316203902077,0.2222222222222222
assam,malaria,2011,47397.0,91413.0,-5.193867213738687,0.0
assam,malaria,2012,29999.0,83939.0,-5.677405767427663,0.0
assam,malaria,2013,19542.0,68353.0,-2.9051343433651238,0.0
assam,malaria,2014,14540.0,47397.0,-1.7424874574389366,0.0
assam,malaria,2015,15557.0,29999.0,-0.968304642161269,0.07142857142857142
assam,malaria,2016,7826.0,19542.0,-2.0875873248020973,0.0
assam,malaria,2017,5281.0,15557.0,-3.1951641979270096,0.0
assam,malaria,2018,3816.0,14540.0,-3.0514186709592677,0.0
assam,malaria,2019,1459.0,7826.0,-1.828510222807587,0.0
assam,malaria,2020,484.0,5281.0,-4.095419657700481,0.0
assam,malaria,2021,162.0,3816.0,-2.9619040042277107,0.0
assam,malaria,2022,280.0,1459.0,-1.0085369064219492,0.047619047619047616
bihar,dengue,2011,21.0,1.0,23.978952727983707,0.8
bihar,dengue,2012,872.0,4.0,3.8001660773918444,1.0
bihar,dengue,2013,1246.0,21.0,1.1356730643242292,1.0
bihar,dengue,2017,1854.0,510.0,0.9747508922944506,1.0
bihar,dengue,2018,2142.0,872.0,1.1309727917075536,1.0
bihar,dengue,2019,6712.0,1246.0,2.858846593738444,1.0
bihar,dengue,2020,493.0,1854.0,-2.2470984445600926,0.45454545454545453
bihar,dengue,2021,633.0,1854.0,-1.8233365462370321,0.5833333333333334
bihar,dengue,2022,13281.0,1854.0,1.2367390590658154,1.0
bihar,malaria,2006,2744.0,2733.0,0.009081168152105232,0.6
bihar,malaria,2007,1595.0,2733.0,-5.3826523927414005,0.0
bihar,malaria,2008,2541.0,2652.0,-0.42739902388340134,0.2857142857142857
bihar,malaria,2009,3255.0,2541.0,2.1732296865531304,0.75
bihar,malaria,2010,1908.0,2733.0,-3.3271882721290216,0.2222222222222222
bihar,malaria,2011,2643.0,2541.0,0.10719382420264209,0.4
bihar,malaria,2012,2605.0,2541.0,0.06775009464197165,0.36363636363636365
bihar,malaria,2013,2693.0,2605.0,0.33210599285518505,0.5833333333333334
bihar,malaria,2014,2043.0,2643.0,-2.5738424964798146,0.23076923076923078
bihar,malaria,2015,4006.0,2605.0,4.302263529513546,0.9285714285714286
bihar,malaria,2016,5189.0,2643.0,6.7444077518835766,1.0
bihar,malaria,2017,4020.0,2693.0,0.9783337077099574,0.875
bihar,malaria,2018,1536.0,4006.0,-2.4983643582982986,0.0
bihar,malaria,2019,1608.0,4006.0,-2.3790000389120367,0.1111111111111111
bihar,malaria,2020,518.0,4006.0,-5.329093344617797,0.0
bihar,malaria,2021,647.0,1608.0,-0.6697480530050904,0.05
bihar,malaria,2022,539.0,1536.0,-0.8168719401365546,0.047619047619047616
bihar,chikungunya,2018,156.0,91.0,0.19822515370721475,0.6
bihar,chikungunya,2019,594.0,156.0,0.5987313690865886,0.8333333333333334
bihar,chikungunya,2020,38.0,566.0,-2.2792426571388584,0.2857142857142857
bihar,chikungunya,2021,40.0,566.0,-2.2366597284099443,0.375
bihar,chikungunya,2022,63.0,156.0,-0.45078923230551177,0.4444444444444444
chandigarh,dengue,2009,25.0,99.0,-1.503499456780736,0.4
chandigarh,dengue,2010,221.0,99.0,0.8901158727294212,1.0
chandigarh,dengue,2011,73.0,167.0,-1.9841680290487866,0.42857142857142855
chandigarh,dengue,2012,351.0,99.0,1.636141988257072,1.0
chandigarh,dengue,2013,107.0,167.0,-0.40290026403688584,0.5555555555555556
chandigarh,dengue,2017,1125.0,107.0,2.1944544382549664,1.0
chandigarh,dengue,2018,301.0,221.0,0.28807909668377363,0.8181818181818182
chandigarh,dengue,2019,286.0,301.0,-0.03341625849161311,0.75
chandigarh,dengue,2020,265.0,301.0,-0.5588202763737404,0.6923076923076923
chandigarh,dengue,2021,1596.0,286.0,15.235665928733102,1.0
chandigarh,dengue,2022,910.0,301.0,5.867106286791276,0.8666666666666667
chandigarh,malaria,2006,449.0,199.0,1.3601822714138483,1.0
chandigarh,malaria,2007,340.0,199.0,0.46591824183988567,0.6666666666666666
chandigarh,malaria,2008,347.0,340.0,0.04941376417531589,0.7142857142857143
chandigarh,malaria,2009,430.0,347.0,0.6602017694498413,0.75
chandigarh,malaria,2010,351.0,430.0,-2.0247691450565064,0.6666666666666666
chandigarh,malaria,2011,582.0,351.0,5.045560107523954,1.0
chandigarh,malaria,2012,201.0,351.0,-5.553634781968917,0.2727272727272727
chandigarh,malaria,2013,150.0,351.0,-2.819364166397172,0.08333333333333333
chandigarh,malaria,2014,114.0,351.0,-1.4954775166982643,0.07692307692307693
chandigarh,malaria,2015,152.0,201.0,-0.33742517104974495,0.21428571428571427
chandigarh,malaria,2016,157.0,152.0,0.07806821486356538,0.3
chandigarh,malaria,2017,114.0,152.0,-2.855057930291851,0.09375
chandigarh,malaria,2018,44.0,150.0,-12.106173470446047,0.0
chandigarh,malaria,2019,22.0,114.0,-3.8022030599467893,0.0
chandigarh,malaria,2020,7.0,114.0,-5.659611946484731,0.0
chandigarh,malaria,2021,6.0,44.0,-1.3376328166910092,0.0
chandigarh,malaria,2022,1.0,22.0,-1.5599037310923751,0.0
chandigarh,chikungunya,2017,1810.0,1.0,68.08487277323468,0.8
chandigarh,chikungunya,2018,357.0,1.0,51.87385805840755,0.6666666666666666
chandigarh,chikungunya,2019,82.0,357.0,-0.47459536117949896,0.5714285714285714
chandigarh,chikungunya,2021,397.0,357.0,0.04406966543837948,0.75
chandigarh,chikungunya,2022,153.0,397.0,-0.422674227956102,0.5555555555555556
chhattisgarh,dengue,2017,444.00000000000006,45.0,2.54196950698615,1.0
chhattisgarh,dengue,2018,2674.0,83.0,1.770346609003413,1.0
chhattisgarh,dengue,2019,722.0,313.0,0.4266239980084778,0.8571428571428571
chhattisgarh,dengue,2020,57.0,444.00000000000006,-0.8243258630868094,0.375
chhattisgarh,dengue,2021,1086.0,444.00000000000006,0.36130559336642526,0.8888888888888888
chhattisgarh,dengue,2022,2633.0,722.0,1.796728562698014,0.9
chhattisgarh,malaria,2006,190590.0,194419.0,-0.19890996595137267,0.2
chhattisgarh,malaria,2007,147525.0,194256.0,-2.7517759320213564,0.0
chhattisgarh,malaria,2008,123495.0,190590.0,-4.339210039182451,0.0
chhattisgarh,malaria,2009,129397.0,187950.0,-3.732883645631979,0.125
chhattisgarh,malaria,2010,152209.0,147525.0,0.11857637472290838,0.3333333333333333
chhattisgarh,malaria,2011,136899.0,147525.0,-0.38456334657858976,0.2
chhattisgarh,malaria,2012,124006.0,136899.0,-0.8924737391973936,0.09090909090909091
chhattisgarh,malaria,2013,110145.0,129397.0,-1.6108616752494953,0.0
chhattisgarh,malaria,2014,128993.0,129397.0,-0.03127034344750257,0.23076923076923078
chhattisgarh,malaria,2015,144886.0,128993.0,1.161882366035183,0.42857142857142855
chhattisgarh,malaria,2016,148220.0,128993.0,1.3893851157622628,0.5333333333333333
chhattisgarh,malaria,2017,140727.0,128993.0,0.5054145719881011,0.375
chhattisgarh,malaria,2018,78717.0,140727.0,-5.809571033794221,0.0
chhattisgarh,malaria,2019,60458.0,140727.0,-8.448634999431412,0.0
chhattisgarh,malaria,2020,36667.0,140727.0,-13.449245091970745,0.0
chhattisgarh,malaria,2021,29733.0,78717.0,-1.130326428945184,0.0
chhattisgarh,malaria,2022,30028.0,60458.0,-0.9439046129556103,0.047619047619047616
chhattisgarh,chikungunya,2013,0.0,0.0,0.0,0.5
chhattisgarh,chikungunya,2015,0.0,0.0,0.0,0.5
chhattisgarh,chikungunya,2016,0.0,0.0,0.0,0.5
chhattisgarh,chikungunya,2017,0.0,0.0,0.0,0.5
chhattisgarh,chikungunya,2018,0.0,0.0,0.0,0.5
chhattisgarh,chikungunya,2019,0.0,0.0,0.0,0.5
chhattisgarh,chikungunya,2020,0.0,0.0,0.0,0.5
chhattisgarh,chikungunya,2021,0.0,0.0,0.0,0.5
chhattisgarh,chikungunya,2022,39.0,0.0,36.88879454113936,1.0
dadra_and_nagar_haveli_and_daman_and_diu,dengue,2017,2123.0,68.0,1.7844559001985847,1.0
dadra_and_nagar_haveli_and_daman_and_diu,dengue,2018,656.0,251.0,0.49897539399815066,0.8333333333333334
dadra_and_nagar_haveli_and_daman_and_diu,dengue,2019,2116.0,252.0,1.5014914633815928,0.8571428571428571
dadra_and_nagar_haveli_and_daman_and_diu,dengue,2020,319.0,656.0,-0.5063409493978375,0.625
dadra_and_nagar_haveli_and_daman_and_diu,dengue,2021,826.0,656.0,0.16197596784863902,0.7777777777777778
dadra_and_nagar_haveli_and_daman_and_diu,dengue,2022,913.0,826.0,0.07177667749300072,0.8
dadra_and_nagar_haveli_and_daman_and_diu,malaria,2006,3926.0,905.0,3.23005705189339,1.0
dadra_and_nagar_haveli_and_daman_and_diu,malaria,2007,3879.0,905.0,2.8981489869767594,0.8333333333333334
dadra_and_nagar_haveli_and_daman_and_diu,malaria,2008,3152.0,1270.0,0.8347753430415819,0.7142857142857143
dadra_and_nagar_haveli_and_daman_and_diu,malaria,2009,3505.0,3152.0,0.3260634694665326,0.75
dadra_and_nagar_haveli_and_daman_and_diu,malaria,2010,5907.0,3505.0,3.3166784248098735,1.0
dadra_and_nagar_haveli_and_daman_and_diu,malaria,2011,5412.0,3879.0,2.215720731671839,0.9
dadra_and_nagar_haveli_and_daman_and_diu,malaria,2012,5126.0,3879.0,0.9059674213861484,0.8181818181818182
dadra_and_nagar_haveli_and_daman_and_diu,malaria,2013,1869.0,5126.0,-4.797908060657468,0.4166666666666667
dadra_and_nagar_haveli_and_daman_and_diu,malaria,2014,725.0,5126.0,-9.298790767225789,0.15384615384615385
dadra_and_nagar_haveli_and_daman_and_diu,malaria,2015,502.0,5126.0,-11.04444867079232,0.0
dadra_and_nagar_haveli_and_daman_and_diu,malaria,2016,423.0,1869.0,-0.9924004386604226,0.0
dadra_and_nagar_haveli_and_daman_and_diu,malaria,2017,328.0,725.0,-0.9926325413063756,0.0
dadra_and_nagar_haveli_and_daman_and_diu,malaria,2018,245.0,502.0,-1.3146815552617457,0.0
dadra_and_nagar_haveli_and_daman_and_diu,malaria,2019,81.0,423.0,-4.368561440652056,0.0
dadra_and_nagar_haveli_and_daman_and_diu,malaria,2020,40.0,328.0,-4.831409343145349,0.0
dadra_and_nagar_haveli_and_daman_and_diu,malaria,2021,54.0,245.0,-1.855956067455047,0.05
dadra_and_nagar_haveli_and_daman_and_diu,malaria,2022,39.0,81.0,-0.6985187574063954,0.0
delhi,dengue,2004,606.0,180.0,1.4092165814395605,0.8
delhi,dengue,2005,1023.0,322.0,1.2335863178343929,0.8333333333333334
delhi,dengue,2006,3366.0,606.0,1.8316903978091024,1.0
delhi,dengue,2007,548.0,1023.0,-0.40619604356602274,0.5
delhi,dengue,2008,1312.0,1023.0,0.26898342121006125,0.7777777777777778
delhi,dengue,2009,1153.0,1023.0,0.15415359326660044,0.7
delhi,dengue,2010,6259.0,1153.0,8.835789342280753,1.0
delhi,dengue,2011,1131.0,1312.0,-0.11473573191150867,0.5833333333333334
delhi,dengue,2012,2093.0,1153.0,3.11348431509402,0.7692307692307693
delhi,dengue,2013,5574.0,1312.0,6.57525595022094,0.9285714285714286
delhi,dengue,2017,9271.0,2093.0,1.6316150376799403,1.0
delhi,dengue,2018,7136.0,5574.0,0.3274958344864708,0.9375
delhi,dengue,2019,5077.0,5574.0,-0.1238050368968942,0.7647058823529411
delhi,dengue,2020,1269.0,5574.0,-4.039501136955181,0.5
delhi,dengue,2021,13089.0,5574.0,2.330831333905159,1.0
delhi,dengue,2022,10183.0,7136.0,0.7045127626401526,0.95
delhi,malaria,2006,928.0,1316.0,-1.9607072271018322,0.2
delhi,malaria,2007,182.0,1133.0,-6.170003857035787,0.0
delhi,malaria,2008,253.0,928.0,-4.386521002393891,0.14285714285714285
delhi,malaria,2009,169.0,928.0,-3.282191634272811,0.0
delhi,malaria,2010,251.0,253.0,-0.013278940835673112,0.2222222222222222
delhi,malaria,2011,413.0,251.0,1.0465681726255895,0.4
delhi,malaria,2012,382.0,251.0,0.8824880375291861,0.36363636363636365
delhi,malaria,2013,353.0,253.0,0.5576233067764281,0.3333333333333333
delhi,malaria,2014,98.0,353.0,-5.4890835464813845,0.0
delhi,malaria,2015,54.0,353.0,-8.021235634952507,0.0
delhi,malaria,2016,31.0,353.0,-10.354406446254824,0.0
delhi,malaria,2017,577.0,98.0,1.0537673515136434,0.625
delhi,malaria,2018,473.0,98.0,0.9352988685489226,0.5882352941176471
delhi,malaria,2019,713.0,98.0,1.1799653831115247,0.6666666666666666
delhi,malaria,2020,135.0,473.0,-2.055619122121818,0.15789473684210525
delhi,malaria,2021,167.0,473.0,-1.7077194255528907,0.2
delhi,malaria,2022,173.0,473.0,-1.6499450093994095,0.2857142857142857
delhi,chikungunya,2011,110.0,120.0,-0.03792988694213672,0.4
delhi,chikungunya,2012,6.0,110.0,-1.3254313529931245,0.0
delhi,chikungunya,2013,18.0,18.0,0.0,0.3571428571428571
delhi,chikungunya,2014,8.0,18.0,-0.5047317555430283,0.125
delhi,chikungunya,2016,12279.0,18.0,4.371254966692955,1.0
delhi,chikungunya,2017,940.0,18.0,2.6360811181872466,0.9
delhi,chikungunya,2018,407.0,18.0,2.0715949466976493,0.6363636363636364
delhi,chikungunya,2019,520.0,407.0,0.05376937486535633,0.75
delhi,chikungunya,2020,126.0,520.0,-1.6104487235342113,0.5384615384615384
delhi,chikungunya,2021,112.0,520.0,-1.7437047224580418,0.42857142857142855
delhi,chikungunya,2022,61.0,407.0,-1.5207211993634078,0.3333333333333333
goa,dengue,2007,36.0,1.0,29.17770732084279,1.0
goa,dengue,2008,43.0,3.0,2.3333546598120183,1.0
goa,dengue,2009,277.0,3.0,4.127169211333811,1.0
goa,dengue,2010,242.0,36.0,0.6294869858909437,0.875
goa,dengue,2011,26.0,43.0,-0.1927525678091214,0.5555555555555556
goa,dengue,2012,39.0,43.0,-0.13163811036983764,0.7
goa,dengue,2013,198.0,43.0,2.08432165856784,0.8181818181818182
goa,dengue,2017,235.0,198.0,0.3440420830532709,0.8333333333333334
goa,dengue,2018,335.0,198.0,1.7686649650036337,1.0
goa,dengue,2019,992.0,198.0,2.069837270432429,1.0
goa,dengue,2020,376.0,235.0,0.8943078434767188,0.9333333333333333
goa,dengue,2021,649.0,335.0,1.2598253413071403,0.9375
goa,dengue,2022,443.0,376.0,0.23554574016912805,0.8823529411764706
goa,malaria,2006,5010.0,11370.0,-1.4864381823530786,0.2
goa,malaria,2007,9755.0,7839.0,0.3294727858188674,0.5
goa,malaria,2008,9822.0,7839.0,0.4090322255241022,0.5714285714285714
goa,malaria,2009,5056.0,7839.0,-1.3115607460038379,0.25
goa,malaria,2010,2368.0,5056.0,-1.7074553314009364,0.0
goa,malaria,2011,1187.0,5056.0,-1.4868176560454618,0.0
goa,malaria,2012,1714.0,5056.0,-1.0985226218779667,0.09090909090909091
goa,malaria,2013,1530.0,2368.0,-0.4266128577632673,0.08333333333333333
goa,malaria,2014,824.0,1714.0,-1.5278588472043702,0.0
goa,malaria,2015,651.0,1530.0,-2.2699271457535324,0.0
goa,malaria,2016,742.0,1187.0,-0.8681339188386603,0.06666666666666667
goa,malaria,2017,653.0,824.0,-0.6657126785892995,0.0625
goa,malaria,2018,377.0,742.0,-3.572590100308008,0.0
goa,malaria,2019,272.0,653.0,-4.618427344909327,0.0
goa,malaria,2020,102.0,651.0,-9.526476670509078,0.0
goa,malaria,2021,90.0,377.0,-1.7520525159714286,0.0
goa,malaria,2022,2.0,272.0,-3.4826112932320563,0.0
goa,chikungunya,2011,664.0,287.0,0.35222628127140576,0.6
goa,chikungunya,2012,571.0,664.0,-0.09984017056006889,0.5
goa,chikungunya,2013,1049.0,664.0,0.4023800250414828,0.7142857142857143
goa,chikungunya,2014,1205.0,1049.0,0.20454958371096485,0.75
goa,chikungunya,2015,561.0,1049.0,-1.3648675412770954,0.3333333333333333
goa,chikungunya,2016,337.0,664.0,-2.7123934489386703,0.3
goa,chikungunya,2017,509.0,571.0,-0.14709023106927638,0.36363636363636365
goa,chikungunya,2018,455.0,561.0,-0.27726033132271727,0.3333333333333333
goa,chikungunya,2019,867.0,509.0,3.2048609844821256,0.6923076923076923
goa,chikungunya,2020,64.0,509.0,-12.4150523203541,0.07142857142857142
goa,chikungunya,2021,114.0,455.0,-3.1028937234510803,0.2
goa,chikungunya,2022,868.0,455.0,0.6756972487330711,0.75
gujarat,dengue,2004,117.0,69.0,0.6584345741038319,0.8
gujarat,dengue,2005,454.0,69.0,2.360176806835703,1.0
gujarat,dengue,2006,545.0,117.0,1.3762762265547654,1.0
gujarat,dengue,2007,570.0,249.0,0.7420066479255726,1.0
gujarat,dengue,2008,1065.0,454.0,2.528677923173227,1.0
gujarat,dengue,2009,2461.0,545.0,5.571790406328282,1.0
gujarat,dengue,2010,2568.0,570.0,4.466718239017959,1.0
gujarat,dengue,2011,1693.0,1065.0,0.4669461343247898,0.8333333333333334
gujarat,dengue,2012,3067.0,1693.0,0.9620060244994212,1.0
gujarat,dengue,2013,6272.0,2461.0,2.8667705389706493,1.0
gujarat,dengue,2017,4753.0,2568.0,2.3386318747402255,0.9333333333333333
gujarat,dengue,2018,7579.000000000001,3067.0,1.3929757526031625,1.0
gujarat,dengue,2019,18219.0,4753.0,2.0691386012667112,1.0
gujarat,dengue,2020,1564.0,6272.0,-3.3773851827564627,0.5555555555555556
gujarat,dengue,2021,10983.0,6272.0,1.3627216812399163,0.9473684210526315
gujarat,dengue,2022,6744.0,7579.000000000001,-0.1687383548619921,0.85
gujarat,malaria,2006,89835.0,130744.0,-0.5565263423600975,0.4
gujarat,malaria,2007,71121.0,130744.0,-1.0943393455142838,0.0
gujarat,malaria,2008,51161.0,130744.0,-1.6863960388523886,0.0
gujarat,malaria,2009,45902.0,89835.0,-0.804439572953906,0.0
gujarat,malaria,2010,66501.0,71121.0,-0.13752887600052058,0.2222222222222222
gujarat,malaria,2011,89764.0,66501.0,0.7715308401559744,0.6
gujarat,malaria,2012,76246.0,66501.0,0.3517225473108673,0.36363636363636365
gujarat,malaria,2013,58513.0,66501.0,-0.32913946172102887,0.16666666666666666
gujarat,malaria,2014,41608.0,66501.0,-2.312894581336807,0.0
gujarat,malaria,2015,41566.0,66501.0,-2.3178758792044607,0.0
gujarat,malaria,2016,44783.0,58513.0,-0.5290196718221124,0.13333333333333333
gujarat,malaria,2017,38588.0,44783.0,-1.347126387851189,0.0
gujarat,malaria,2018,22114.0,41608.0,-5.797540158236858,0.0
gujarat,malaria,2019,13883.000000000002,41566.0,-9.949323861387219,0.0
gujarat,malaria,2020,4771.0,38588.0,-9.46928404805004,0.0
gujarat,malaria,2021,4921.0,22114.0,-1.8204236198732389,0.05
gujarat,malaria,2022,4766.0,13883.000000000002,-0.7053637081878705,0.0
gujarat,chikungunya,2011,1042.0,1740.0,-0.5608596615076274,0.2
gujarat,chikungunya,2012,1317.0,1709.0,-0.3552291332725543,0.3333333333333333
gujarat,chikungunya,2013,2890.0,1317.0,2.0347489986826184,0.7142857142857143
gujarat,chikungunya,2014,574.0,1709.0,-2.8232540215674224,0.125
gujarat,chikungunya,2015,406.0,1317.0,-3.0439040362773837,0.1111111111111111
gujarat,chikungunya,2016,3285.0,1042.0,1.299820175402673,0.9
gujarat,chikungunya,2017,7953.0,1317.0,1.4616471296470943,0.9090909090909091
gujarat,chikungunya,2018,10601.0,2890.0,0.8660055689170783,0.9166666666666666
gujarat,chikungunya,2019,8084.0,3285.0,0.5184269730827057,0.8461538461538461
gujarat,chikungunya,2020,8120.0,7953.0,0.04876959379489813,0.8571428571428571
gujarat,chikungunya,2021,32372.0,8084.0,13.873142490206352,0.9333333333333333
gujarat,chikungunya,2022,20854.0,8120.0,9.431404283486344,0.875
haryana,dengue,2004,25.0,3.0,4.388571248560899,0.6
haryana,dengue,2005,183.0,25.0,0.7051332601706629,0.8333333333333334
haryana,dengue,2006,838.0000000000001,95.0,1.4619514629618124,1.0
haryana,dengue,2007,365.0,95.0,0.6910314405324965,0.875
haryana,dengue,2008,1137.0,183.0,1.7870996841891138,1.0
haryana,dengue,2009,125.0,365.0,-0.8670007245219936,0.5
haryana,dengue,2010,866.0,365.0,0.7011818984768236,0.9090909090909091
haryana,dengue,2011,267.0,838.0000000000001,-2.525269553288022,0.6666666666666666
haryana,dengue,2012,768.0,365.0,0.5806789631999116,0.7692307692307693
haryana,dengue,2013,1784.0,768.0,1.4491551721802383,1.0
haryana,dengue,2017,4550.0,768.0,1.424150093455921,1.0
haryana,dengue,2018,1898.0,866.0,0.7323152326890544,0.9375
haryana,dengue,2019,1207.0,1784.0,-0.31274418918875335,0.8235294117647058
haryana,dengue,2020,1377.0,1784.0,-0.4470411566858469,0.8333333333333334
haryana,dengue,2021,11835.0,1784.0,4.930546206206592,1.0
haryana,dengue,2022,8996.0,1898.0,2.3194143810465806,0.95
haryana,malaria,2006,47142.0,4374.0,1.2419390669454387,1.0
haryana,malaria,2007,30895.0,10064.0,0.6328386258160222,0.6666666666666666
haryana,malaria,2008,35683.0,30895.0,0.2299744196345146,0.8571428571428571
haryana,malaria,2009,30168.0,33262.0,-0.8920616303331311,0.5
haryana,malaria,2010,18921.0,33262.0,-5.154422234528571,0.4444444444444444
haryana,malaria,2011,33401.0,30895.0,0.365105992815352,0.8
haryana,malaria,2012,26819.0,30895.0,-1.2235842360931743,0.45454545454545453
haryana,malaria,2013,14471.0,30168.0,-4.210868140353688,0.3333333333333333
haryana,malaria,2014,4485.0,26819.0,-5.495633885504541,0.23076923076923078
haryana,malaria,2015,9308.0,18921.0,-1.3716017320165215,0.2857142857142857
haryana,malaria,2016,7866.0,14471.0,-0.6664078126839071,0.26666666666666666
haryana,malaria,2017,5696.0,9308.0,-0.7506293819772539,0.25
haryana,malaria,2018,3149.0,7866.0,-1.9128390709305652,0.11764705882352941
haryana,malaria,2019,1497.0,5696.0,-2.791717426108069,0.1111111111111111
haryana,malaria,2020,111.0,5696.0,-5.397108049542001,0.0
haryana,malaria,2021,54.0,3149.0,-3.673247264049015,0.0
haryana,malaria,2022,50.0,1497.0,-1.7066959990430433,0.0
haryana,chikungunya,2012,8.0,26.0,-1.1282383142265096,0.2
haryana,chikungunya,2013,1.0,26.0,-1.5979159897669923,0.0
haryana,chikungunya,2014,3.0,8.0,-0.49786894162760376,0.2857142857142857
haryana,chikungunya,2015,1.0,8.0,-0.9234252302903971,0.0625
haryana,chikungunya,2016,5394.0,3.0,7.012955108846202,1.0
haryana,chikungunya,2017,220.0,3.0,3.903886793060456,0.9
haryana,chikungunya,2018,62.0,3.0,2.6826385562524733,0.7272727272727273
haryana,chikungunya,2020,930.0,62.0,0.6589019975818815,0.9166666666666666
haryana,chikungunya,2021,765.0,220.0,0.5829964129656161,0.8461538461538461
haryana,chikungunya,2022,2425.0,765.0,0.625544796060501,0.9285714285714286
himachal_pradesh,dengue,2019,344.0,89.0,0.5608232840766998,0.6
himachal_pradesh,dengue,2020,21.0,344.0,-1.3816247175988414,0.16666666666666666
himachal_pradesh,dengue,2021,349.0,344.0,0.007222459995026287,0.7142857142857143
himachal_pradesh,dengue,2022,3326.0,349.0,5.888072416782807,0.875
himachal_pradesh,malaria,2006,114.0,133.0,-1.5290767158766094,0.0
himachal_pradesh,malaria,2007,104.0,129.0,-2.135741002980591,0.0
himachal_pradesh,malaria,2008,146.0,126.0,1.4624550032014483,0.7142857142857143
himachal_pradesh,malaria,2009,192.0,126.0,2.8439533986923555,0.875
himachal_pradesh,malaria,2010,210.0,129.0,2.65806999655408,0.8888888888888888
himachal_pradesh,malaria,2011,247.0,146.0,1.295670254909259,0.9
himachal_pradesh,malaria,2012,216.0,192.0,0.3152891615673652,0.8181818181818182
himachal_pradesh,malaria,2013,141.0,210.0,-2.9956875469961597,0.4166666666666667
himachal_pradesh,malaria,2014,102.0,210.0,-5.4245613055927375,0.0
himachal_pradesh,malaria,2015,60.0,210.0,-5.180598181626786,0.0
himachal_pradesh,malaria,2016,106.0,141.0,-0.4501133144283182,0.2
himachal_pradesh,malaria,2017,96.0,106.0,-0.23385159966566613,0.0625
himachal_pradesh,malaria,2018,98.0,102.0,-0.3960913809504607,0.11764705882352941
himachal_pradesh,malaria,2019,109.0,98.0,1.0536051565782678,0.3333333333333333
himachal_pradesh,malaria,2020,34.0,98.0,-9.02490837419295,0.0
himachal_pradesh,malaria,2021,15.0,98.0,-15.819025499621578,0.0
himachal_pradesh,malaria,2022,10.0,96.0,-11.674081509257501,0.0
jammu_and_kashmir,dengue,2017,488.0,16.62815662083357,1.4944162560847711,0.8
jammu_and_kashmir,dengue,2018,214.0,16.62815662083357,0.9447917887946863,0.6666666666666666
jammu_and_kashmir,dengue,2019,439.0,214.0,0.22744714911203603,0.7142857142857143
jammu_and_kashmir,dengue,2020,53.0,439.0,-1.975796564555571,0.5
jammu_and_kashmir,dengue,2021,1709.0,439.0,1.278531903989134,0.8888888888888888
jammu_and_kashmir,dengue,2022,8269.0,439.0,2.7630147343866414,1.0
jammu_and_kashmir,malaria,2006,160.4128050480415,313.00059521569074,-1.8247286789246502,0.0
jammu_and_kashmir,malaria,2007,234.75044641176805,262.13799849314097,-0.4194846407115153,0.16666666666666666
jammu_and_kashmir,malaria,2008,212.25352863064032,244.5317150122584,-1.3727405899574838,0.14285714285714285
jammu_and_kashmir,malaria,2009,338.4318935769656,234.75044641176805,2.4513555045304325,0.75
jammu_and_kashmir,malaria,2010,784.4577417593248,234.75044641176805,7.3858911192480745,0.8888888888888888
jammu_and_kashmir,malaria,2011,1067.1364043134956,234.75044641176805,2.795850193552163,1.0
jammu_and_kashmir,malaria,2012,845.1016070823649,338.4318935769656,1.3254478739002267,0.8181818181818182
jammu_and_kashmir,malaria,2013,682.7325483142254,784.4577417593248,-0.30432828001820794,0.6666666666666666
jammu_and_kashmir,malaria,2014,284.63491627426873,784.4577417593248,-4.919130798359316,0.38461538461538464
jammu_and_kashmir,malaria,2015,216.0,784.4577417593248,-6.255553587455619,0.14285714285714285
jammu_and_kashmir,malaria,2016,242.0,682.7325483142254,-1.5641296177110948,0.26666666666666666
jammu_and_kashmir,malaria,2017,226.0,284.63491627426873,-0.5639168442477598,0.1875
jammu_and_kashmir,malaria,2018,168.0,242.0,-2.1645550716363684,0.058823529411764705
jammu_and_kashmir,malaria,2019,105.0,226.0,-7.54105606473868,0.0
jammu_and_kashmir,malaria,2020,37.0,216.0,-10.384679472403699,0.0
jammu_and_kashmir,malaria,2021,31.0,168.0,-3.0907974613282803,0.0
jammu_and_kashmir,malaria,2022,37.0,105.0,-0.9086256067918592,0.07142857142857142
jammu_and_kashmir,chikungunya,2015,0.0,0.0,0.0,0.5
jammu_and_kashmir,chikungunya,2016,0.978126860049033,0.0,6.821503666591098,1.0
jammu_and_kashmir,chikungunya,2017,0.0,0.0,0.0,0.42857142857142855
jammu_and_kashmir,chikungunya,2018,1.0,0.0,6.931471805599452,1.0
jammu_and_kashmir,chikungunya,2019,0.0,0.0,0.0,0.3888888888888889
jammu_and_kashmir,chikungunya,2020,1.0,0.0,6.931471805599452,0.9500000000000001
jammu_and_kashmir,chikungunya,2021,7.0,0.978126860049033,13.97291175020726,1.0
jammu_and_kashmir,chikungunya,2022,37.0,1.0,2.8651878547440885,1.0
jharkhand,dengue,2018,463.0,42.0,3.739900016489641,0.8
jharkhand,dengue,2019,825.0,161.0,0.8283681585050711,1.0
jharkhand,dengue,2020,79.0,463.0,-2.0559006552719428,0.42857142857142855
jharkhand,dengue,2021,220.0,463.0,-0.8674799161381572,0.625
jharkhand,dengue,2022,290.0,463.0,-0.54566620094313,0.6666666666666666
jharkhand,malaria,2006,193888.0,126589.0,4.263323127173102,1.0
jharkhand,malaria,2007,184878.0,126589.0,0.6046615371352763,0.6666666666666666
jharkhand,malaria,2008,214299.0,184878.0,1.4767534544192351,1.0
jharkhand,malaria,2009,230683.0,193144.0,1.7760760647441742,1.0
jharkhand,malaria,2010,199842.0,193888.0,0.30246227908149237,0.7777777777777778
jharkhand,malaria,2011,160653.0,199842.0,-2.1079182034475394,0.4
jharkhand,malaria,2012,131476.0,199842.0,-3.628517895898354,0.36363636363636365
jharkhand,malaria,2013,97786.0,199842.0,-3.359090863804637,0.08333333333333333
jharkhand,malaria,2014,103735.0,160653.0,-1.3515945343873668,0.15384615384615385
jharkhand,malaria,2015,104800.0,131476.0,-0.6454197856609222,0.21428571428571427
jharkhand,malaria,2016,141414.0,104800.0,2.917518617827399,0.5333333333333333
jharkhand,malaria,2017,94114.0,104800.0,-1.0471625555895032,0.0625
jharkhand,malaria,2018,57095.0,103735.0,-5.971151485778172,0.0
jharkhand,malaria,2019,37133.0,103735.0,-7.1191070069871065,0.0
jharkhand,malaria,2020,16653.0,94114.0,-2.868815523199716,0.0
jharkhand,malaria,2021,14198.0,57095.0,-1.8780057628305715,0.0
jharkhand,malaria,2022,19129.0,37133.0,-0.5579033877705497,0.09523809523809523
jharkhand,chikungunya,2016,47.0,61.0,-0.16661136972292795,0.4
jharkhand,chikungunya,2017,269.0,47.0,1.9589383645934983,0.8333333333333334
jharkhand,chikungunya,2018,3405.0,47.0,3.684817933162108,1.0
jharkhand,chikungunya,2019,1691.0,47.0,1.7332899475242118,0.875
jharkhand,chikungunya,2020,627.0,269.0,0.31023109218612027,0.6666666666666666
jharkhand,chikungunya,2021,1064.0,627.0,0.3594488292593162,0.8
jharkhand,chikungunya,2022,2113.0,1064.0,0.875510181961332,0.9090909090909091
karnataka,dengue,2004,291.0,220.0,0.2832937755168454,0.6
karnataka,dengue,2005,587.0,291.0,1.2272461494691282,0.8333333333333334
karnataka,dengue,2006,109.0,428.0,-2.3861675905428097,0.14285714285714285
karnataka,dengue,2007,230.0,428.0,-1.0853466159802636,0.5
karnataka,dengue,2008,339.0,291.0,0.14665130192052764,0.6666666666666666
karnataka,dengue,2009,1764.0,291.0,5.178508792889898,1.0
karnataka,dengue,2010,2285.0,339.0,2.3464080309177864,1.0
karnataka,dengue,2011,405.0,339.0,0.10603760066336604,0.5833333333333334
karnataka,dengue,2012,3924.0,405.0,2.7135434938841643,1.0
karnataka,dengue,2013,6408.0,1764.0,1.08830611013874,1.0
karnataka,dengue,2017,17844.0,2285.0,2.564039640038546,1.0
karnataka,dengue,2018,4427.0,3924.0,0.15045656119106524,0.875
karnataka,dengue,2019,16986.0,4427.0,2.4525766150930943,0.9411764705882353
karnataka,dengue,2020,3823.0,6408.0,-0.7103508787370992,0.7222222222222222
karnataka,dengue,2021,7393.0,6408.0,0.1867308541376283,0.8947368421052632
karnataka,dengue,2022,9620.0,7393.0,0.26931614360379436,0.9
karnataka,malaria,2006,62842.0,100220.0,-1.4752286221630106,0.0
karnataka,malaria,2007,49355.0,83181.0,-1.8893005162498515,0.0
karnataka,malaria,2008,47344.0,80961.0,-1.695785213874799,0.0
karnataka,malaria,2009,36859.0,62842.0,-1.4204184611234953,0.0
karnataka,malaria,2010,44319.0,49355.0,-0.3004837110053121,0.1111111111111111
karnataka,malaria,2011,24237.0,47344.0,-6.695395678891689,0.0
karnataka,malaria,2012,16466.0,44319.0,-6.204959862623415,0.0
karnataka,malaria,2013,13302.0,36859.0,-2.745923511231046,0.0
karnataka,malaria,2014,14794.0,24237.0,-0.7942420235371304,0.07692307692307693
karnataka,malaria,2015,12445.0,16466.0,-0.8849926354403156,0.0
karnataka,malaria,2016,11078.0,14794.0,-1.82207825249615,0.0
karnataka,malaria,2017,7381.0,13302.0,-3.7369615726903485,0.0
karnataka,malaria,2018,5721.0,12445.0,-4.504886238985447,0.0
karnataka,malaria,2019,3499.0,11078.0,-2.687089139446715,0.0
karnataka,malaria,2020,1701.0000000000002,7381.0,-2.437496516854006,0.0
karnataka,malaria,2021,913.0,5721.0,-2.516867798147811,0.0
karnataka,malaria,2022,279.0,3499.0,-2.3629371118469704,0.0
karnataka,chikungunya,2011,1941.0,41230.0,-1.3286056521042313,0.2
karnataka,chikungunya,2012,2382.0,8740.0,-0.5651308381407295,0.3333333333333333
karnataka,chikungunya,2013,5295.0,8740.0,-0.22466766001896657,0.42857142857142855
karnataka,chikungunya,2014,6962.0,5295.0,0.2311321461496965,0.5
karnataka,chikungunya,2015,20763.0,5295.0,1.8391255373845479,0.6666666666666666
karnataka,chikungunya,2016,15666.0,5295.0,0.9160575653153793,0.6
karnataka,chikungunya,2017,32831.0,6962.0,1.2898460343707923,0.7272727272727273
karnataka,chikungunya,2018,20411.0,15666.0,0.24119521993749096,0.5833333333333334
karnataka,chikungunya,2019,43698.0,20411.0,1.940624123790821,0.8461538461538461
karnataka,chikungunya,2020,16111.0,20763.0,-0.6074216358762107,0.5
karnataka,chikungunya,2021,40134.0,20411.0,1.723728542911936,0.7333333333333333
karnataka,chikungunya,2022,63549.0,32831.0,1.5579427854681154,0.9375
kerala,dengue,2006,981.0,686.0,0.2116142343173632,0.6
kerala,dengue,2007,603.0,981.0,-0.9175860378466073,0.3333333333333333
kerala,dengue,2008,733.0,981.0,-0.5495547996722132,0.5714285714285714
kerala,dengue,2009,1425.0,733.0,2.2979090662366204,0.875
kerala,dengue,2010,2597.0,981.0,2.254400482480535,0.8888888888888888
kerala,dengue,2011,1304.0,981.0,0.5141655413158502,0.7
kerala,dengue,2012,4172.0,1304.0,1.3625001595624526,1.0
kerala,dengue,2013,7938.0,1425.0,1.9304938373997864,1.0
kerala,dengue,2017,19994.0,2597.0,2.2946033508897585,1.0
kerala,dengue,2018,4083.0,4172.0,-0.022608764775513126,0.7857142857142857
kerala,dengue,2019,4652.0,4172.0,0.11418217963827874,0.8666666666666667
kerala,dengue,2020,4399.0,4652.0,-0.2891026360160801,0.8125
kerala,dengue,2021,3251.0,4652.0,-1.8524966538412284,0.5882352941176471
kerala,dengue,2022,4432.0,4399.0,0.06762329950777662,0.8333333333333334
kerala,malaria,2006,2131.0,2575.0,-1.5917530646383398,0.0
kerala,malaria,2007,1927.0,2575.0,-2.438018657648321,0.0
kerala,malaria,2008,1804.0,2554.0,-2.652924894715621,0.0
kerala,malaria,2009,2046.0,2131.0,-0.16481564734412119,0.25
kerala,malaria,2010,2299.0,2046.0,1.1653381625595216,0.5555555555555556
kerala,malaria,2011,1993.0,2046.0,-0.2623263513950569,0.2
kerala,malaria,2012,2036.0,1993.0,0.2133546570502176,0.2727272727272727
kerala,malaria,2013,1634.0,2036.0,-2.1983533289545143,0.0
kerala,malaria,2014,1751.0000000000002,2036.0,-1.5072014473046824,0.07692307692307693
kerala,malaria,2015,1549.0,1993.0,-1.3131071989787193,0.0
kerala,malaria,2016,1547.0,1751.0000000000002,-0.6815997461447875,0.0
kerala,malaria,2017,1192.0,1634.0,-3.151716612334381,0.0
kerala,malaria,2018,908.0,1549.0,-5.336651157358139,0.0
kerala,malaria,2019,656.0,1547.0,-4.669541312135891,0.0
kerala,malaria,2020,268.0,1192.0,-3.8377629900195798,0.0
kerala,malaria,2021,309.0,908.0,-2.234942421479897,0.05
kerala,malaria,2022,439.0,656.0,-0.4532948721095664,0.09523809523809523
kerala,chikungunya,2011,183.0,24052.0,-5.582817976147756,0.0
kerala,chikungunya,2012,66.0,13349.0,-5.809385154550493,0.0
kerala,chikungunya,2013,273.0,1708.0,-0.5539838745077964,0.2857142857142857
kerala,chikungunya,2014,272.0,273.0,-0.0017509840834293044,0.25
kerala,chikungunya,2015,175.0,272.0,-0.7504845857457657,0.1111111111111111
kerala,chikungunya,2016,129.0,183.0,-0.5939101861130734,0.1
kerala,chikungunya,2017,78.0,175.0,-1.2307664950832728,0.09090909090909091
kerala,chikungunya,2018,77.0,175.0,-1.2503396020551227,0.08333333333333333
kerala,chikungunya,2019,109.0,129.0,-0.22621856699849172,0.23076923076923078
kerala,chikungunya,2020,2302.0,109.0,6.197141229897271,0.7142857142857143
kerala,chikungunya,2021,3030.0,109.0,6.7568116519913195,0.7333333333333333
kerala,chikungunya,2022,1511.0,109.0,5.141913326192197,0.5625
ladakh,dengue,2010,0.0,0.0,0.0,0.3
ladakh,dengue,2011,0.0656194198528985,0.0,0.635562449743552,0.8333333333333334
ladakh,dengue,2012,0.37184337916643,0.0,3.1615536766099237,0.8571428571428571
ladakh,dengue,2013,40.18095808992542,0.0437462799019323,36.75159534222202,1.0
ladakh,dengue,2017,0.0,0.0656194198528985,-0.635562449743552,0.2222222222222222
ladakh,dengue,2018,0.0,0.0656194198528985,-0.635562449743552,0.25
ladakh,dengue,2019,0.0,0.0656194198528985,-0.635562449743552,0.2727272727272727
ladakh,dengue,2020,0.0,0.0,0.0,0.2916666666666667
ladakh,dengue,2021,0.0,0.0,0.0,0.3076923076923077
ladakh,dengue,2022,0.0,0.0,0.0,0.32142857142857145
ladakh,malaria,2006,3.5871949519585016,6.999404784309272,-1.7654620633355735,0.0
ladakh,malaria,2007,5.249553588231953,5.862001506859016,-0.4111520301820627,0.16666666666666666
ladakh,malaria,2008,4.746471369359725,5.468284987741618,-1.1832501038894794,0.14285714285714285
ladakh,malaria,2009,7.5681064230344,5.249553588231953,2.535943115885215,0.75
ladakh,malaria,2010,17.54225824067511,5.249553588231953,7.8462304248537125,0.8888888888888888
ladakh,malaria,2011,23.863595686504425,5.249553588231953,3.0118895529805303,1.0
ladakh,malaria,2012,18.898392917635036,7.5681064230344,1.4227196194618499,0.8181818181818182
ladakh,malaria,2013,15.267451685774601,17.54225824067511,-0.30093996342657214,0.6666666666666666
ladakh,malaria,2014,6.365083725731244,17.54225824067511,-4.758020517994119,0.38461538461538464
ladakh,malaria,2015,0.0,17.54225824067511,-15.047806623016982,0.0
ladakh,malaria,2016,0.0,15.267451685774601,-4.4344565418428115,0.03333333333333333
ladakh,malaria,2017,0.0,6.365083725731244,-1.3550711518507519,0.0625
ladakh,malaria,2018,0.0,0.0,0.0,0.08823529411764706
ladakh,malaria,2019,0.0,0.0,0.0,0.1111111111111111
ladakh,malaria,2020,0.0,0.0,0.0,0.13157894736842105
ladakh,malaria,2021,0.0,0.0,0.0,0.15
ladakh,malaria,2022,0.0,0.0,0.0,0.16666666666666666
ladakh,chikungunya,2015,0.0,0.0,0.0,0.5
ladakh,chikungunya,2016,0.0218731399509659,0.0,0.21637354870353856,1.0
ladakh,chikungunya,2017,0.0,0.0,0.0,0.42857142857142855
ladakh,chikungunya,2018,0.0,0.0,0.0,0.4375
ladakh,chikungunya,2019,0.0,0.0,0.0,0.4444444444444444
ladakh,chikungunya,2020,0.0,0.0,0.0,0.45
ladakh,chikungunya,2021,0.0,0.0,0.0,0.45454545454545453
ladakh,chikungunya,2022,0.0,0.0,0.0,0.4583333333333333
lakshadweep,dengue,2018,0.0,0.0,0.0,0.5
lakshadweep,dengue,2019,0.0,0.0,0.0,0.5
lakshadweep,dengue,2020,0.0,0.0,0.0,0.5
lakshadweep,dengue,2021,1.0,0.0,6.931471805599452,1.0
lakshadweep,dengue,2022,70.0,0.0,42.62679877041315,1.0
lakshadweep,malaria,2006,0.0,2.0,-0.6744907594765952,0.2
lakshadweep,malaria,2007,0.0,2.0,-0.6744907594765952,0.25
lakshadweep,malaria,2008,0.0,0.0,0.0,0.2857142857142857
lakshadweep,malaria,2009,8.0,0.0,21.972245773362193,0.9375
lakshadweep,malaria,2010,6.0,0.0,19.45910149055313,0.7222222222222222
lakshadweep,malaria,2011,8.0,0.0,21.972245773362193,0.9
lakshadweep,malaria,2012,9.0,6.0,0.9572628020966891,1.0
lakshadweep,malaria,2013,8.0,8.0,0.0,0.7916666666666666
lakshadweep,malaria,2014,0.0,8.0,-21.972245773362193,0.19230769230769232
lakshadweep,malaria,2015,4.0,8.0,-3.7628581404023906,0.5
lakshadweep,malaria,2016,2.0,8.0,-7.033031608924466,0.43333333333333335
lakshadweep,malaria,2017,1.0,4.0,-1.0514522845564742,0.375
lakshadweep,malaria,2018,5.0,2.0,0.915226931644897,0.5882352941176471
lakshadweep,malaria,2019,11.0,2.0,1.8304538632897944,1.0
lakshadweep,malaria,2020,6.0,4.0,0.4442757055691382,0.631578947368421
lakshadweep,malaria,2021,1.0,5.0,-1.0690425608533363,0.325
lakshadweep,malaria,2022,0.0,5.0,-1.7435333203299312,0.14285714285714285
madhya_pradesh,dengue,2011,50.0,51.0,-0.010742197194634106,0.4
madhya_pradesh,dengue,2012,239.0,51.0,0.8460702563047507,0.8333333333333334
madhya_pradesh,dengue,2013,1255.0,175.0,1.0701187201720517,0.8571428571428571
madhya_pradesh,dengue,2017,2666.0,239.0,1.0486876489716266,1.0
madhya_pradesh,dengue,2018,4506.0,239.0,1.277178795446898,1.0
madhya_pradesh,dengue,2019,4189.0,1255.0,0.6359908732285477,0.9
madhya_pradesh,dengue,2020,806.0,2666.0,-1.5367091520286387,0.5454545454545454
madhya_pradesh,dengue,2021,15592.0,2666.0,2.2700831481034767,1.0
madhya_pradesh,dengue,2022,3205.0,4189.0,-0.3996609857940868,0.7692307692307693
madhya_pradesh,malaria,2006,96160.0,108818.0,-0.95400804964687,0.0
madhya_pradesh,malaria,2007,90829.0,104317.0,-1.3845429870129955,0.0
madhya_pradesh,malaria,2008,105312.0,99708.0,0.5468092460382579,0.5714285714285714
madhya_pradesh,malaria,2009,87628.0,104317.0,-1.4441807502740374,0.0
madhya_pradesh,malaria,2010,87165.0,96160.0,-0.8135761529629323,0.0
madhya_pradesh,malaria,2011,91851.0,90829.0,0.11188958542501126,0.3
madhya_pradesh,malaria,2012,76538.0,90829.0,-1.711892126659329,0.0
madhya_pradesh,malaria,2013,78260.0,87628.0,-1.1306259876523583,0.08333333333333333
madhya_pradesh,malaria,2014,96879.0,87165.0,1.0565875262077284,0.5384615384615384
madhya_pradesh,malaria,2015,100597.0,87165.0,0.9148952130340112,0.6428571428571429
madhya_pradesh,malaria,2016,69106.0,91851.0,-2.1099487413822806,0.0
madhya_pradesh,malaria,2017,47541.0,78260.0,-2.702639165536113,0.0
madhya_pradesh,malaria,2018,22279.0,78260.0,-3.970520511212302,0.0
madhya_pradesh,malaria,2019,14147.0,69106.0,-2.8600979063895484,0.0
madhya_pradesh,malaria,2020,6760.0,47541.0,-1.7552001536053334,0.0
madhya_pradesh,malaria,2021,3181.0,22279.0,-1.7319413007265383,0.0
madhya_pradesh,malaria,2022,3719.0,14147.0,-1.2202264458411478,0.047619047619047616
madhya_pradesh,chikungunya,2013,139.0,113.0,0.10641135441438583,0.6
madhya_pradesh,chikungunya,2014,161.0,113.0,0.2627201609550482,0.6666666666666666
madhya_pradesh,chikungunya,2015,67.0,139.0,-2.370832222592517,0.2857142857142857
madhya_pradesh,chikungunya,2016,2280.0,139.0,2.7017171686792754,0.875
madhya_pradesh,chikungunya,2017,2477.0,139.0,2.68397675581157,0.8888888888888888
madhya_pradesh,chikungunya,2018,3211.0,161.0,2.3208914404936376,0.9
madhya_pradesh,chikungunya,2019,2749.0,2280.0,0.3684732866603704,0.8181818181818182
madhya_pradesh,chikungunya,2020,1871.0,2477.0,-1.8162145242851533,0.5833333333333334
madhya_pradesh,chikungunya,2021,3822.0,2477.0,2.807975296419044,0.9230769230769231
madhya_pradesh,chikungunya,2022,4292.0,2749.0,1.9344607158048195,0.9285714285714286
maharashtra,dengue,2004,856.0,66.0,8.710529394778435,1.0
maharashtra,dengue,2005,349.0,370.0,-0.04694237569164233,0.5
maharashtra,dengue,2006,736.0,370.0,0.6306707720452782,0.7142857142857143
maharashtra,dengue,2007,614.0,736.0,-0.8091456417689539,0.625
maharashtra,dengue,2008,743.0,736.0,0.04226752565467323,0.7777777777777778
maharashtra,dengue,2009,2255.0,736.0,5.002277997295999,1.0
maharashtra,dengue,2010,1489.0,736.0,2.6237214505011686,0.9090909090909091
maharashtra,dengue,2011,1138.0,743.0,1.5084750501261126,0.8333333333333334
maharashtra,dengue,2012,2931.0,1138.0,1.497549974350507,1.0
maharashtra,dengue,2013,5610.0,1489.0,2.155992823924575,1.0
maharashtra,dengue,2017,7829.000000000001,2255.0,2.023338191282466,1.0
maharashtra,dengue,2018,11011.0,2931.0,1.3185739985087632,1.0
maharashtra,dengue,2019,14907.0,5610.0,1.0154801558728064,1.0
maharashtra,dengue,2020,3356.0,7829.000000000001,-1.675066115265299,0.7777777777777778
maharashtra,dengue,2021,203.0,7829.000000000001,-7.2143827530665705,0.15789473684210525
maharashtra,dengue,2022,8560.0,7829.000000000001,0.09348969777879783,0.9
maharashtra,malaria,2006,54420.0,56043.0,-0.12151683135883679,0.4
maharashtra,malaria,2007,67850.0,54420.0,1.0220495689721272,0.8333333333333334
maharashtra,malaria,2008,67333.0,62947.0,0.4957678581378993,0.7142857142857143
maharashtra,malaria,2009,93818.0,67333.0,3.317020844611651,1.0
maharashtra,malaria,2010,139198.0,67333.0,2.3006420590927297,1.0
maharashtra,malaria,2011,96577.0,67850.0,1.0795962818829299,0.9
maharashtra,malaria,2012,58517.0,93818.0,-0.9824986295085506,0.36363636363636365
maharashtra,malaria,2013,43677.0,93818.0,-1.5545986074924438,0.0
maharashtra,malaria,2014,53385.0,93818.0,-0.9638904434841066,0.23076923076923078
maharashtra,malaria,2015,56603.0,58517.0,-0.07668648265419233,0.42857142857142855
maharashtra,malaria,2016,23983.0,56603.0,-8.586927127298836,0.0
maharashtra,malaria,2017,17710.0,53385.0,-8.108088706265267,0.0
maharashtra,malaria,2018,10757.0,43677.0,-3.6456982758143375,0.0
maharashtra,malaria,2019,8866.0,23983.0,-0.8387709631073119,0.0
maharashtra,malaria,2020,15215.0,17710.0,-0.2054286000737566,0.10526315789473684
maharashtra,malaria,2021,19303.0,15215.0,0.46295377255983383,0.2
maharashtra,malaria,2022,15437.0,15215.0,0.04105505634397947,0.14285714285714285
maharashtra,chikungunya,2011,5113.0,1752.0,1.0041619071302217,0.6
maharashtra,chikungunya,2012,1544.0,1752.0,-0.11846072621847649,0.16666666666666666
maharashtra,chikungunya,2013,1578.0,1594.0,-0.010885609415463383,0.2857142857142857
maharashtra,chikungunya,2014,1572.0,1594.0,-0.13889112160667239,0.25
maharashtra,chikungunya,2015,78.0,1578.0,-29.950991617886203,0.0
maharashtra,chikungunya,2016,7570.0,1572.0,15.713405350450298,0.9
maharashtra,chikungunya,2017,8110.0,1572.0,16.40236541012067,0.9090909090909091
maharashtra,chikungunya,2018,9884.0,1578.0,0.7892456744547429,0.9166666666666666
maharashtra,chikungunya,2019,5158.0,7570.0,-0.9701135521700917,0.6153846153846154
maharashtra,chikungunya,2020,4258.0,7570.0,-1.454960851228794,0.5
manipur,dengue,2017,193.0,9.0,5.6074846758288635,0.8
manipur,dengue,2018,14.0,9.0,0.7667554824263532,0.5
manipur,dengue,2019,359.0,14.0,2.812564352092321,1.0
manipur,dengue,2020,37.0,14.0,0.8226354368982123,0.5
manipur,dengue,2021,129.0,37.0,0.6214143025079722,0.6666666666666666
manipur,dengue,2022,503.0,129.0,0.8973006869042627,1.0
manipur,malaria,2006,2709.0,2071.0,0.6504677354450393,0.8
manipur,malaria,2007,1194.0,2589.0,-7.735116903279726,0.16666666666666666
manipur,malaria,2008,708.0,2589.0,-12.955576281614558,0.0
manipur,malaria,2009,1069.0,2071.0,-1.6013798466456446,0.25
manipur,malaria,2010,947.0,1194.0,-0.29916196068225176,0.2222222222222222
manipur,malaria,2011,714.0,1069.0,-2.246073723096166,0.1
manipur,malaria,2012,255.0,947.0,-3.813601439376953,0.0
manipur,malaria,2013,120.0,714.0,-4.247949488460388,0.0
manipur,malaria,2014,145.0,714.0,-2.6580595533155305,0.07692307692307693
manipur,malaria,2015,216.0,255.0,-0.1487614665135849,0.14285714285714285
manipur,malaria,2016,122.0,216.0,-0.9662531584546603,0.06666666666666667
manipur,malaria,2017,80.0,145.0,-2.115800072173996,0.0
manipur,malaria,2018,12.0,122.0,-8.842137447261665,0.0
manipur,malaria,2019,16.0,122.0,-3.195320045253971,0.05555555555555555
manipur,malaria,2020,36.0,80.0,-0.5362885467915189,0.10526315789473684
manipur,malaria,2021,19.0,36.0,-0.5295730491294492,0.1
manipur,malaria,2022,14.0,19.0,-0.4504331353153246,0.047619047619047616
meghalaya,dengue,2019,82.0,43.0,2.3001664365205046,1.0
meghalaya,dengue,2020,4.0,44.0,-9.057097676298028,0.16666666666666666
meghalaya,dengue,2021,12720.0,44.0,23.266352591553183,1.0
meghalaya,dengue,2022,26.0,52.0,-1.0141902163366647,0.25
meghalaya,malaria,2006,29924.0,18080.0,5.0383258827502075,1.0
meghalaya,malaria,2007,36337.0,18080.0,6.980023625112324,1.0
meghalaya,malaria,2008,39616.0,18366.0,5.880804770662794,1.0
meghalaya,malaria,2009,76759.0,29924.0,2.2645920573001486,1.0
meghalaya,malaria,2010,41642.0,36337.0,0.47336079005353804,0.8888888888888888
meghalaya,malaria,2011,25143.0,39616.0,-3.549422138538777,0.5
meghalaya,malaria,2012,20834.0,39616.0,-5.017044174635734,0.45454545454545453
meghalaya,malaria,2013,24727.0,39616.0,-0.6992413697560396,0.5
meghalaya,malaria,2014,39168.0,25143.0,1.5904406228847672,0.7692307692307693
meghalaya,malaria,2015,48603.0,25143.0,2.3648040749509804,0.9285714285714286
meghalaya,malaria,2016,35147.0,25143.0,1.2017957354491955,0.6
meghalaya,malaria,2017,16454.0,35147.0,-1.5792554820594527,0.0
meghalaya,malaria,2018,6394.0,35147.0,-3.545916980087628,0.0
meghalaya,malaria,2019,2615.0,35147.0,-5.405948335036682,0.0
meghalaya,malaria,2020,2018.0,16454.0,-1.4972812060454435,0.0
meghalaya,malaria,2021,491.0,6394.0,-1.8303941149276957,0.0
meghalaya,malaria,2022,463.0,2615.0,-1.3050480955161057,0.0
meghalaya,chikungunya,2019,114.0,168.0,-0.34211265669836965,0.4
meghalaya,chikungunya,2020,3.0,168.0,-6.55907975375471,0.0
meghalaya,chikungunya,2021,21680.0,114.0,3.766328932795799,1.0
meghalaya,chikungunya,2022,14569.0,114.0,3.480599793963668,0.875
mizoram,dengue,2020,67.0,42.0,0.26676678747214694,0.6
mizoram,dengue,2021,83.0,67.0,0.31098335341298855,0.8333333333333334
mizoram,dengue,2022,1868.0,68.0,11.311966675849492,1.0
mizoram,malaria,2006,10668.0,7859.0,2.7576886200277104,0.6
mizoram,malaria,2007,6081.0,7859.0,-2.314528869557822,0.0
mizoram,malaria,2008,7361.0,7830.0,-0.16480514339281543,0.2857142857142857
mizoram,malaria,2009,9399.0,7830.0,0.48732707458579033,0.625
mizoram,malaria,2010,15594.0,9399.0,2.558640301969329,1.0
mizoram,malaria,2011,8861.0,9399.0,-0.16266848522210225,0.5
mizoram,malaria,2012,9883.0,8861.0,0.39698466779466834,0.6363636363636364
mizoram,malaria,2013,11747.0,9399.0,2.229733240604155,0.9166666666666666
mizoram,malaria,2014,23145.0,9883.0,5.258402331263166,1.0
mizoram,malaria,2015,28593.0,11747.0,2.128224434505863,1.0
mizoram,malaria,2016,7583.0,11747.0,-1.0470898034033511,0.2
mizoram,malaria,2017,5715.0,11747.0,-1.110295958340975,0.0
mizoram,malaria,2018,4296.0,11747.0,-1.0003551564380067,0.0
mizoram,malaria,2019,8543.0,7583.0,0.1415036182587732,0.4444444444444444
mizoram,malaria,2020,7781.0,7583.0,0.06147503100202367,0.3157894736842105
mizoram,malaria,2021,8018.0,7583.0,0.3156205614442892,0.45
mizoram,malaria,2022,10222.0,7781.0,1.9698903422415273,0.6666666666666666
nagaland,dengue,2020,1.0,25.0,-0.9242614745736519,0.0
nagaland,dengue,2021,24.0,8.0,0.4581508420677084,0.5
nagaland,dengue,2022,154.0,24.0,0.4872422223469068,0.7142857142857143
nagaland,malaria,2006,3361.0,3370.0,-0.011449301099043118,0.4
nagaland,malaria,2007,4976.0,3361.0,2.243643407679665,1.0
nagaland,malaria,2008,5078.0,3361.0,2.3596719919790754,1.0
nagaland,malaria,2009,8489.0,3361.0,2.0726426619695237,1.0
nagaland,malaria,2010,4959.0,4976.0,-0.005882899338318865,0.6666666666666666
nagaland,malaria,2011,3363.0,4976.0,-3.916965577657159,0.3
nagaland,malaria,2012,2891.0,4976.0,-5.428789955798985,0.09090909090909091
nagaland,malaria,2013,2285.0,4959.0,-1.3455978659514602,0.0
nagaland,malaria,2014,1936.0,3363.0,-0.9637230254492228,0.0
nagaland,malaria,2015,1527.0,2891.0,-1.8300108540021403,0.0
nagaland,malaria,2016,828.0,2285.0,-2.909535956403193,0.0
nagaland,malaria,2017,394.0,1936.0,-4.521645364032299,0.0
nagaland,malaria,2018,113.0,1527.0,-4.345732974896553,0.0
nagaland,malaria,2019,20.0,828.0,-3.344272406194973,0.0
nagaland,malaria,2020,12.0,394.0,-1.8529750241049043,0.0
nagaland,malaria,2021,8.0,113.0,-1.0123182002811453,0.0
nagaland,malaria,2022,8.0,20.0,-0.6744907594765952,0.023809523809523808
nagaland,chikungunya,2015,0.0,0.0,0.0,0.5
nagaland,chikungunya,2016,0.0,0.0,0.0,0.5
nagaland,chikungunya,2017,0.0,0.0,0.0,0.5
nagaland,chikungunya,2018,0.0,0.0,0.0,0.5
nagaland,chikungunya,2019,0.0,0.0,0.0,0.5
nagaland,chikungunya,2020,0.0,0.0,0.0,0.5
nagaland,chikungunya,2021,0.0,0.0,0.0,0.5
nagaland,chikungunya,2022,0.0,0.0,0.0,0.5
odisha,dengue,2013,7132.0,29.0,1.362727475078543,1.0
odisha,dengue,2017,4158.0,1816.0,0.4084235405386911,0.8333333333333334
odisha,dengue,2018,5198.0,2255.0,0.9206004430323064,0.8571428571428571
odisha,dengue,2019,3758.0,4158.0,-0.126433838082569,0.625
odisha,dengue,2020,496.0,4158.0,-6.4201109841921555,0.3333333333333333
odisha,dengue,2021,7548.0,4158.0,1.8015514508967476,1.0
odisha,dengue,2022,7063.0,4158.0,1.600877973943878,0.8181818181818182
odisha,malaria,2006,380216.0,421323.0,-1.0265999153109817,0.0
odisha,malaria,2007,371879.0,416732.0,-1.1387450736960503,0.0
odisha,malaria,2008,375430.0,396573.0,-0.5478795737438702,0.14285714285714285
odisha,malaria,2009,380904.0,380216.0,0.018078578398341705,0.375
odisha,malaria,2010,395651.0,380216.0,0.39792894651752064,0.4444444444444444
odisha,malaria,2011,308968.0,380216.0,-2.0750119412310575,0.0
odisha,malaria,2012,262842.0,375430.0,-3.5651780357344265,0.0
odisha,malaria,2013,228858.0,375430.0,-4.9496860592933345,0.0
odisha,malaria,2014,395035.0,308968.0,0.7918751108516925,0.5384615384615384
odisha,malaria,2015,436850.0,308968.0,0.9506574064501432,0.8571428571428571
odisha,malaria,2016,444843.0,308968.0,1.0004243114806264,0.8666666666666667
odisha,malaria,2017,347860.0,395035.0,-0.7223577151721885,0.1875
odisha,malaria,2018,66311.0,395035.0,-10.136700009777327,0.0
odisha,malaria,2019,39556.0,395035.0,-13.071188113710521,0.0
odisha,malaria,2020,41739.0,347860.0,-5.815500287314967,0.05263157894736842
odisha,malaria,2021,25503.0,66311.0,-1.247512053315934,0.0
odisha,malaria,2022,23770.0,41739.0,-0.8203174450755457,0.0
odisha,chikungunya,2011,236.0,2306.0,-1.4902076046279502,0.0
odisha,chikungunya,2012,129.0,670.0,-1.063695648462941,0.0
odisha,chikungunya,2013,35.0,544.0,-1.2787508575873225,0.0
odisha,chikungunya,2014,10.0,236.0,-2.486770792984719,0.0
odisha,chikungunya,2015,81.0,129.0,-0.2420652970888787,0.2222222222222222
odisha,chikungunya,2016,51.0,81.0,-0.3731947522093104,0.2
odisha,chikungunya,2019,242.0,51.0,2.283200177964835,0.5454545454545454
odisha,chikungunya,2020,15.0,51.0,-1.7454107928528468,0.08333333333333333
puducherry,dengue,2011,463.0,66.0,2.1012948818865715,1.0
puducherry,dengue,2012,3506.0,96.0,2.4414456581037722,1.0
puducherry,dengue,2013,2215.0,96.0,2.1290643752702736,0.8571428571428571
puducherry,dengue,2017,4568.0,463.0,0.9856234120321422,1.0
puducherry,dengue,2018,592.0,2215.0,-1.2288127180665662,0.6666666666666666
puducherry,dengue,2019,2030.0,2215.0,-0.08126012204356195,0.7
puducherry,dengue,2020,633.0,2215.0,-1.8386914313834746,0.6363636363636364
puducherry,dengue,2021,1625.0,2030.0,-0.18502291125738568,0.6666666666666666
puducherry,dengue,2022,1673.0,1625.0,0.020834914116363006,0.6923076923076923
puducherry,malaria,2006,50.0,63.0,-0.4087291959658375,0.4
puducherry,malaria,2007,68.0,50.0,1.3810023063050338,0.6666666666666666
puducherry,malaria,2008,72.0,50.0,1.6384566892502017,0.7142857142857143
puducherry,malaria,2009,65.0,50.0,1.1779197022047945,0.5
puducherry,malaria,2010,175.0,65.0,6.5627919486204185,1.0
puducherry,malaria,2011,196.0,68.0,10.490972241407288,1.0
puducherry,malaria,2012,143.0,72.0,4.545600591196509,0.8181818181818182
puducherry,malaria,2013,127.0,143.0,-0.2534971134433393,0.75
puducherry,malaria,2014,79.0,143.0,-1.9756580456702655,0.5384615384615384
puducherry,malaria,2015,54.0,143.0,-3.2350709793953585,0.21428571428571427
puducherry,malaria,2016,76.0,127.0,-0.7950233204965952,0.5333333333333333
puducherry,malaria,2017,60.0,79.0,-0.488105779222357,0.25
puducherry,malaria,2018,54.0,76.0,-0.9743094352756031,0.2058823529411765
puducherry,malaria,2019,21.0,60.0,-6.643445550629611,0.0
puducherry,malaria,2020,15.0,54.0,-8.043444751596704,0.0
puducherry,malaria,2021,5.0,54.0,-4.441329285858788,0.0
puducherry,chikungunya,2014,399.0,45.0,1.2556509652227674,0.8
puducherry,chikungunya,2015,245.0,45.0,0.9734210544995312,0.6666666666666666
puducherry,chikungunya,2016,463.0,146.0,0.7744954805454594,0.8571428571428571
puducherry,chikungunya,2017,475.0,245.0,0.8646786381706203,0.875
puducherry,chikungunya,2018,2876.0,399.0,7.650308417738096,1.0
puducherry,chikungunya,2019,7084.0,463.0,12.38755543688446,1.0
puducherry,chikungunya,2020,3980.0,475.0,2.170217690924514,0.9090909090909091
puducherry,chikungunya,2021,7284.0,2876.0,0.6953246688123305,1.0
puducherry,chikungunya,2022,11440.0,3980.0,1.2352221586203724,1.0
punjab,dengue,2004,52.0,91.0,-0.3126970289610442,0.4
punjab,dengue,2005,251.0,52.0,1.906853996040318,0.6666666666666666
punjab,dengue,2006,1166.0,52.0,3.2682948738337334,1.0
punjab,dengue,2007,28.0,251.0,-0.951444767442146,0.125
punjab,dengue,2008,4349.0,251.0,1.2534807224816913,1.0
punjab,dengue,2009,245.0,251.0,-0.010424724737216411,0.5
punjab,dengue,2010,4012.0,251.0,1.217996592530607,0.9090909090909091
punjab,dengue,2011,3921.0,1166.0,0.6213953059364277,0.8333333333333334
punjab,dengue,2012,770.0,3921.0,-10.593119112577861,0.6153846153846154
punjab,dengue,2013,4117.0,3921.0,0.3175709998558583,0.9285714285714286
punjab,dengue,2017,15398.0,3921.0,13.677008444721217,1.0
punjab,dengue,2018,14980.0,4012.0,13.172436402504655,0.9375
punjab,dengue,2019,10289.0,4117.0,0.4783140288370927,0.8823529411764706
punjab,dengue,2020,8435.0,10289.0,-0.33239207830864786,0.8333333333333334
punjab,dengue,2021,23389.0,10289.0,1.4745304893582658,1.0
punjab,dengue,2022,11038.0,14980.0,-0.548320039263708,0.85
punjab,malaria,2006,1888.0,604.0,0.8729021229477953,1.0
punjab,malaria,2007,2017.0,1643.0,0.9952359370512148,1.0
punjab,malaria,2008,2494.0,1883.0,2.757378226387398,1.0
punjab,malaria,2009,2955.0,1888.0,4.4778941456658305,1.0
punjab,malaria,2010,3477.0000000000005,2017.0,5.343628825382249,1.0
punjab,malaria,2011,2693.0,2494.0,0.2439384781297392,0.8
punjab,malaria,2012,1689.0,2693.0,-3.3887977192348,0.36363636363636365
punjab,malaria,2013,1760.0,2693.0,-3.089718488933604,0.4166666666666667
punjab,malaria,2014,1036.0,2693.0,-2.520973276417025,0.23076923076923078
punjab,malaria,2015,596.0,1760.0,-1.7161432325942862,0.14285714285714285
punjab,malaria,2016,693.0,1689.0,-1.2873828754600634,0.26666666666666666
punjab,malaria,2017,805.0,1036.0,-0.3480245544192944,0.3125
punjab,malaria,2018,624.0,805.0,-0.6807233619576126,0.23529411764705882
punjab,malaria,2019,1139.0,693.0,2.23750810699085,0.4444444444444444
punjab,malaria,2020,109.0,693.0,-8.304200999824198,0.0
punjab,malaria,2021,71.0,693.0,-10.214871331827373,0.0
punjab,malaria,2022,109.0,624.0,-1.9496027482056573,0.07142857142857142
punjab,chikungunya,2017,3251.0,2.0,11.625217609120925,0.8
punjab,chikungunya,2018,736.0,180.0,0.29663057775777746,0.6666666666666666
punjab,chikungunya,2019,372.0,736.0,-0.30943341977291394,0.5714285714285714
punjab,chikungunya,2020,25.0,736.0,-1.6066114924014674,0.375
punjab,chikungunya,2021,644.0,736.0,-0.06058521004713538,0.6666666666666666
punjab,chikungunya,2022,1043.0,644.0,0.593075478981654,0.8
rajasthan,dengue,2005,370.0,325.0,0.11722732301125074,0.6
rajasthan,dengue,2006,1805.0,370.0,1.844757495187422,1.0
rajasthan,dengue,2007,540.0,370.0,0.43968440093842875,0.5714285714285714
rajasthan,dengue,2008,682.0,540.0,0.4167554361001484,0.625
rajasthan,dengue,2009,1389.0,540.0,1.6872938519610738,0.7777777777777778
rajasthan,dengue,2010,1823.0,682.0,1.0856216724396521,1.0
rajasthan,dengue,2011,1072.0,1389.0,-0.6425125824413819,0.6363636363636364
rajasthan,dengue,2012,1295.0,1072.0,0.28194556064675963,0.6666666666666666
rajasthan,dengue,2013,4413.0,1295.0,4.3775524708545674,1.0
rajasthan,dengue,2017,8427.0,1389.0,4.696260377511275,1.0
rajasthan,dengue,2018,9587.0,1823.0,2.109612266774288,1.0
rajasthan,dengue,2019,13706.0,4413.0,0.9852417459832306,1.0
rajasthan,dengue,2020,2023.0,8427.0,-1.9783195886324478,0.7647058823529411
rajasthan,dengue,2021,20749.0,8427.0,1.249533858993084,1.0
rajasthan,dengue,2022,13491.0,9587.0,0.6446539140323775,0.8947368421052632
rajasthan,malaria,2006,99529.0,105022.0,-0.11808763960112818,0.4
rajasthan,malaria,2007,55043.0,99529.0,-1.1080542406375753,0.16666666666666666
rajasthan,malaria,2008,57482.00000000001,99529.0,-1.0269482138900383,0.2857142857142857
rajasthan,malaria,2009,32709.0,57482.00000000001,-4.013907869144971,0.0
rajasthan,malaria,2010,50963.0,55043.0,-0.7701336428390171,0.1111111111111111
rajasthan,malaria,2011,54294.0,55043.0,-0.11999231098091229,0.3
rajasthan,malaria,2012,45809.0,54294.0,-1.6992973377021414,0.09090909090909091
rajasthan,malaria,2013,33139.0,50963.0,-2.722699571157044,0.08333333333333333
rajasthan,malaria,2014,15118.0,45809.0,-4.400094286893132,0.0
rajasthan,malaria,2015,11796.0,45809.0,-5.384888733001426,0.0
rajasthan,malaria,2016,12741.0,33139.0,-1.305884281136934,0.06666666666666667
rajasthan,malaria,2017,10607.0,15118.0,-0.9633007003326588,0.0
rajasthan,malaria,2018,5728.0,12741.0,-3.1521022868083426,0.0
rajasthan,malaria,2019,3421.0,11796.0,-7.857569963799842,0.0
rajasthan,malaria,2020,1276.0,10607.0,-7.790498570196029,0.0
rajasthan,malaria,2021,925.0,5728.0,-1.9952471918377492,0.0
rajasthan,malaria,2022,1026.0,3421.0,-0.8235733230628416,0.047619047619047616
rajasthan,chikungunya,2011,608.0,102.0,0.46895740645413014,0.8
rajasthan,chikungunya,2012,172.0,256.0,-0.16261756197591432,0.5
rajasthan,chikungunya,2013,76.0,256.0,-0.9422790969111233,0.2857142857142857
rajasthan,chikungunya,2014,50.0,256.0,-1.2643643807815634,0.25
rajasthan,chikungunya,2015,7.0,172.0,-1.6973730922735943,0.2222222222222222
rajasthan,chikungunya,2016,2506.0,76.0,2.9021818191308775,1.0
rajasthan,chikungunya,2017,1612.0,76.0,2.534733457347371,0.9090909090909091
rajasthan,chikungunya,2018,254.0,76.0,0.3566893316489502,0.5833333333333334
rajasthan,chikungunya,2019,365.0,254.0,0.13213825777725574,0.6923076923076923
rajasthan,chikungunya,2020,1015.0,365.0,0.4642958825290006,0.7857142857142857
rajasthan,chikungunya,2021,1157.0,1015.0,0.09769293617218594,0.8
rajasthan,chikungunya,2022,212.0,1015.0,-2.2798146371554426,0.4375
sikkim,dengue,2018,320.0,12.0,1.4749330916532006,1.0
sikkim,dengue,2019,444.00000000000006,38.0,0.7790086173107146,1.0
sikkim,dengue,2020,11.0,312.0,-6.251477978724719,0.2857142857142857
sikkim,dengue,2021,243.0,312.0,-0.4773673849403267,0.625
sikkim,dengue,2022,260.0,312.0,-0.4920729035565262,0.6666666666666666
sikkim,malaria,2006,93.0,69.0,0.2540238816791183,0.6
sikkim,malaria,2007,48.0,93.0,-0.8165874270138217,0.16666666666666666
sikkim,malaria,2008,38.0,93.0,-1.102697090319058,0.14285714285714285
sikkim,malaria,2009,42.0,69.0,-0.9215002776349286,0.25
sikkim,malaria,2010,49.0,48.0,0.05969780020961718,0.4444444444444444
sikkim,malaria,2011,51.0,48.0,0.30684804799975224,0.5
sikkim,malaria,2012,77.0,48.0,4.648885285789652,0.7272727272727273
sikkim,malaria,2013,39.0,49.0,-0.9979139351002269,0.16666666666666666
sikkim,malaria,2014,35.0,49.0,-1.469093703303527,0.07692307692307693
sikkim,malaria,2015,27.0,49.0,-1.7526037159417995,0.0
sikkim,malaria,2016,15.0,39.0,-2.3556166572362685,0.0
sikkim,malaria,2017,14.0,35.0,-2.349628620987183,0.0
sikkim,malaria,2018,6.0,27.0,-2.6215543098269682,0.0
sikkim,malaria,2019,7.0,15.0,-0.8354327707046183,0.05555555555555555
sikkim,malaria,2020,4.0,14.0,-1.1872125629551886,0.0
sikkim,malaria,2021,4.0,7.0,-0.6744907594765952,0.025
sikkim,malaria,2022,6.0,6.0,0.0,0.11904761904761904
sikkim,chikungunya,2021,457.0,253.0,0.6005341609204666,0.8
sikkim,chikungunya,2022,1883.0,384.0,2.5751543142183486,1.0
tamil_nadu,dengue,2004,1027.0,392.0,0.6111869281017238,0.8
tamil_nadu,dengue,2005,1142.0,816.0,0.33664408295009574,0.8333333333333334
tamil_nadu,dengue,2006,477.0,1027.0,-2.2482688938804314,0.42857142857142855
tamil_nadu,dengue,2007,707.0,1027.0,-0.56778294772047,0.5
tamil_nadu,dengue,2008,530.0,1027.0,-1.1948050207991057,0.4444444444444444
tamil_nadu,dengue,2009,1072.0,707.0,0.7519790021090852,0.8
tamil_nadu,dengue,2010,2051.0,707.0,1.8270933702467127,1.0
tamil_nadu,dengue,2011,2501.0,707.0,2.167530297181869,1.0
tamil_nadu,dengue,2012,12826.0,1072.0,2.5811031064126593,1.0
tamil_nadu,dengue,2013,6122.0,2051.0,1.1373040312299656,0.9285714285714286
tamil_nadu,dengue,2017,23294.0,2501.0,1.7775007624411692,1.0
tamil_nadu,dengue,2018,4486.0,6122.0,-0.2342865343249869,0.8125
tamil_nadu,dengue,2019,8527.0,6122.0,0.30217790458578064,0.8823529411764706
tamil_nadu,dengue,2020,2410.0,8527.0,-2.087453293376034,0.6666666666666666
tamil_nadu,dengue,2021,6039.0,6122.0,-0.027785944138566714,0.7894736842105263
tamil_nadu,dengue,2022,6430.0,6039.0,0.12264973532701197,0.85
tamil_nadu,malaria,2006,28219.0,39678.0,-2.4362596600049633,0.0
tamil_nadu,malaria,2007,22389.0,39678.0,-4.090618197497794,0.0
tamil_nadu,malaria,2008,21046.0,39678.0,-4.5328193970118535,0.0
tamil_nadu,malaria,2009,14988.0,28219.0,-1.4551632971683635,0.0
tamil_nadu,malaria,2010,17086.0,22389.0,-0.7878110353539652,0.1111111111111111
tamil_nadu,malaria,2011,22171.0,21046.0,0.16850029683041792,0.3
tamil_nadu,malaria,2012,18869.0,21046.0,-1.0918467277657662,0.18181818181818182
tamil_nadu,malaria,2013,15081.0,18869.0,-1.384205961881103,0.08333333333333333
tamil_nadu,malaria,2014,8729.0,17086.0,-3.6289910432446697,0.0
tamil_nadu,malaria,2015,5587.0,17086.0,-6.039900317087361,0.0
tamil_nadu,malaria,2016,4341.0,15081.0,-2.1795795397754487,0.0
tamil_nadu,malaria,2017,5444.0,8729.0,-0.5823741036342219,0.0625
tamil_nadu,malaria,2018,3758.0,5587.0,-1.0599634221181922,0.0
tamil_nadu,malaria,2019,2088.0,5444.0,-2.8545801458112297,0.0
tamil_nadu,malaria,2020,891.0,4341.0,-4.715730470350715,0.0
tamil_nadu,malaria,2021,772.0,3758.0,-2.8789887229010733,0.0
tamil_nadu,malaria,2022,344.0,2088.0,-1.4274079411959695,0.0
tamil_nadu,chikungunya,2011,4194.0,4319.0,-0.007313048021827305,0.4
tamil_nadu,chikungunya,2012,5018.0,4194.0,0.6425116872953243,0.6666666666666666
tamil_nadu,chikungunya,2013,859.0,4319.0,-7.259067539264587,0.2857142857142857
tamil_nadu,chikungunya,2014,543.0,4319.0,-9.318775905929547,0.25
tamil_nadu,chikungunya,2015,329.0,4194.0,-9.562594211461771,0.2222222222222222
tamil_nadu,chikungunya,2016,86.0,859.0,-1.6132914976586883,0.2
tamil_nadu,chikungunya,2017,131.0,543.0,-1.9109046450701368,0.2727272727272727
tamil_nadu,chikungunya,2018,284.0,329.0,-0.10791628160129185,0.3333333333333333
tamil_nadu,chikungunya,2019,623.0,284.0,0.8176409607553864,0.5384615384615384
tamil_nadu,chikungunya,2020,1461.0,284.0,1.4328424692940038,0.6428571428571429
tamil_nadu,chikungunya,2021,3654.0,284.0,2.195936520341585,0.6666666666666666
tamil_nadu,chikungunya,2022,181.0,623.0,-0.9761093502964383,0.25
telangana,dengue,2005,40.97105570453674,25.24479189875496,0.24382492647972376,0.8
telangana,dengue,2006,81.52826236155292,39.315659514454445,1.1256389790845642,0.8333333333333334
telangana,dengue,2007,242.92939089457644,40.97105570453674,2.528228547256274,1.0
telangana,dengue,2008,129.5347518739394,81.52826236155292,0.4573663908855759,0.875
telangana,dengue,2009,492.4803665494821,95.18528092973182,3.6118694674661516,1.0
telangana,dengue,2017,5369.0,129.5347518739394,4.009735356248773,1.0
telangana,dengue,2018,4592.0,242.92939089457644,2.8099557712957797,0.9090909090909091
telangana,dengue,2019,13331.0,492.4803665494821,1.6719394044470184,1.0
telangana,dengue,2020,2173.0,4592.0,-0.4734227120030098,0.7692307692307693
telangana,dengue,2021,349.0,4592.0,-2.321472136309745,0.6428571428571429
telangana,dengue,2022,8972.0,4592.0,0.6039021844988055,0.9333333333333333
telangana,malaria,2006,14104.389388548652,15748.197805300368,-1.1023248048518752,0.0
telangana,malaria,2007,11506.245068214495,14896.49646550303,-2.5821633345412387,0.0
telangana,malaria,2008,10935.547231683624,14661.430206511344,-2.9317831632569202,0.0
telangana,malaria,2009,10409.131243237456,14104.389388548652,-1.4917979561576729,0.0
telangana,malaria,2010,13819.661243854498,11506.245068214495,1.233151265525145,0.3333333333333333
telangana,malaria,2014,5189.0,11506.245068214495,-5.360008305830747,0.0
telangana,malaria,2015,10951.0,10935.547231683624,0.014119503428009494,0.2727272727272727
telangana,malaria,2016,3512.0,10935.547231683624,-11.356397643596559,0.0
telangana,malaria,2017,2688.0,10409.131243237456,-3.221754687122097,0.0
telangana,malaria,2018,1792.0,5189.0,-1.0902022806859537,0.0
telangana,malaria,2019,1711.0,3512.0,-1.2423135575674384,0.0
telangana,malaria,2020,870.0,2688.0,-1.876093772166986,0.0
telangana,malaria,2021,874.0,1792.0,-1.1939775146284297,0.058823529411764705
telangana,malaria,2022,611.0,1711.0,-1.5367171690445143,0.0
telangana,chikungunya,2015,2067.0,244.58478708465873,0.539825284805997,0.8
telangana,chikungunya,2016,611.0,244.58478708465873,0.28904690379606224,0.5
telangana,chikungunya,2017,1277.0,611.0,0.4895097189556825,0.5714285714285714
telangana,chikungunya,2018,1954.0,1277.0,0.5957416238517903,0.75
telangana,chikungunya,2019,5352.0,1687.0,3.8339624796048737,0.8888888888888888
telangana,chikungunya,2020,364.0,1954.0,-2.6628540535182097,0.3
telangana,chikungunya,2021,220.0,1277.0,-1.607531250673819,0.18181818181818182
telangana,chikungunya,2022,6608.0,1277.0,0.8843923413200796,0.9166666666666666
tripura,dengue,2020,24.0,100.0,-3.975159968376442,0.4
tripura,dengue,2021,7135.0,100.0,12.122076566765754,1.0
tripura,dengue,2022,55.0,114.0,-3.7388824481087224,0.42857142857142855
tripura,malaria,2006,23375.0,17453.0,2.9214100626722406,1.0
tripura,malaria,2007,18474.0,17453.0,0.16364128191473645,0.6666666666666666
tripura,malaria,2008,25894.0,18008.0,3.6317826693803923,1.0
tripura,malaria,2009,24430.0,18474.0,2.794343508763948,0.875
tripura,malaria,2010,23939.0,23375.0,0.1571274446221997,0.7777777777777778
tripura,malaria,2011,14417.0,23939.0,-5.0707327414744086,0.2
tripura,malaria,2012,11565.0,23939.0,-6.250753811229609,0.0
tripura,malaria,2013,7396.0,23939.0,-10.091482948530086,0.0
tripura,malaria,2014,51240.0,14417.0,1.6867315384004322,1.0
tripura,malaria,2015,32525.0,14417.0,1.0821715735020525,0.9285714285714286
tripura,malaria,2016,10546.0,14417.0,-0.3159561733768166,0.06666666666666667
tripura,malaria,2017,7051.0,11565.0,-0.7465628221499695,0.0
tripura,malaria,2018,13079.0,10546.0,0.36066695128923754,0.23529411764705882
tripura,malaria,2019,12437.0,13079.0,-0.05494865541610758,0.2222222222222222
tripura,malaria,2020,3395.0,12437.0,-5.3093801652183235,0.0
tripura,malaria,2021,10136.0,10546.0,-0.12424628426518076,0.15
tripura,malaria,2022,12771.0,10136.0,0.6114347491864489,0.3333333333333333
tripura,chikungunya,2019,1105.0,311.0,1.396165652528668,1.0
tripura,chikungunya,2020,454.0,574.0,-0.2582407268406314,0.5
tripura,chikungunya,2021,948.0,574.0,1.4437656553698834,0.8571428571428571
tripura,chikungunya,2022,919.0,683.0,0.6105638969976093,0.75
uttar_pradesh,dengue,2006,639.0,28.0,1.7836440739190964,0.8
uttar_pradesh,dengue,2007,132.0,121.0,0.0339919569862098,0.6666666666666666
uttar_pradesh,dengue,2008,51.0,132.0,-0.40316354239992624,0.42857142857142855
uttar_pradesh,dengue,2009,168.0,121.0,0.25774779713556695,0.75
uttar_pradesh,dengue,2010,960.0,132.0,5.568325105212331,1.0
uttar_pradesh,dengue,2011,155.0,168.0,-0.04580480874968236,0.6
uttar_pradesh,dengue,2012,342.0,155.0,3.3316057124962493,0.7272727272727273
uttar_pradesh,dengue,2013,1414.0,168.0,2.0248929511202345,1.0
uttar_pradesh,dengue,2017,3092.0,342.0,1.8826824300482947,1.0
uttar_pradesh,dengue,2018,3829.0,960.0,0.9052047522543635,1.0
uttar_pradesh,dengue,2019,10557.0,1414.0,1.3613665860473214,1.0
uttar_pradesh,dengue,2020,3715.0,3092.0,0.1582754842035524,0.875
uttar_pradesh,dengue,2021,29750.0,3715.0,7.645980195595337,1.0
uttar_pradesh,dengue,2022,19821.0,3829.0,5.188081718911873,0.9444444444444444
uttar_pradesh,malaria,2006,91566.0,94524.0,-0.3049232050478483,0.4
uttar_pradesh,malaria,2007,82538.0,91566.0,-1.0380003584837638,0.0
uttar_pradesh,malaria,2008,93383.0,91566.0,0.12977927913168646,0.5714285714285714
uttar_pradesh,malaria,2009,55437.0,91566.0,-5.018056655665504,0.0
uttar_pradesh,malaria,2010,64606.0,91566.0,-2.2661593837681497,0.1111111111111111
uttar_pradesh,malaria,2011,56968.0,82538.0,-2.0257468358016903,0.1
uttar_pradesh,malaria,2012,47400.0,64606.0,-1.364689351075444,0.0
uttar_pradesh,malaria,2013,48346.0,56968.0,-0.8797486239286011,0.08333333333333333
uttar_pradesh,malaria,2014,41612.0,55437.0,-1.413692125846293,0.0
uttar_pradesh,malaria,2015,42767.0,48346.0,-0.5513778381206363,0.07142857142857142
uttar_pradesh,malaria,2016,40700.0,47400.0,-0.9993478872032934,0.0
uttar_pradesh,malaria,2017,32345.0,42767.0,-2.7929979369897673,0.0
uttar_pradesh,malaria,2018,86486.0,41612.0,7.315814951767035,0.6470588235294118
uttar_pradesh,malaria,2019,92732.0,41612.0,8.013117778292038,0.7777777777777778
uttar_pradesh,malaria,2020,28668.0,42767.0,-0.9659105057984442,0.0
uttar_pradesh,malaria,2021,13.0,40700.0,-15.349525918441211,0.0
uttar_pradesh,malaria,2022,7039.0,32345.0,-1.0457702396561372,0.047619047619047616
uttar_pradesh,chikungunya,2012,13.0,4.0,3.1122063737727435,1.0
uttar_pradesh,chikungunya,2014,4.0,5.0,-0.3032917083412867,0.41666666666666663
uttar_pradesh,chikungunya,2016,2458.0,5.0,10.007194433396498,1.0
uttar_pradesh,chikungunya,2017,103.0,5.0,4.745349232752628,0.875
uttar_pradesh,chikungunya,2018,58.0,13.0,0.7744813417857189,0.7777777777777778
uttar_pradesh,chikungunya,2019,72.0,58.0,0.09983726448684434,0.8
uttar_pradesh,chikungunya,2020,53.0,72.0,-0.5745247088507719,0.6363636363636364
uttar_pradesh,chikungunya,2021,70.0,72.0,-0.06215120580025371,0.75
uttar_pradesh,chikungunya,2022,200.0,70.0,3.7910918400184825,0.9230769230769231
uttarakhand,dengue,2017,849.0,110.0,1.9553842504445553,1.0
uttarakhand,dengue,2018,689.0,178.0,0.9755418149527277,0.8333333333333334
uttarakhand,dengue,2019,10622.0,454.0,3.400282950338908,1.0
uttarakhand,dengue,2020,76.0,689.0,-0.809496886882109,0.25
uttarakhand,dengue,2021,738.0,689.0,0.021102021462798853,0.7777777777777778
uttarakhand,dengue,2022,2337.0,738.0,5.551347924545918,0.9
uttarakhand,malaria,2006,1108.0,1255.0,-1.244733596777765,0.0
uttarakhand,malaria,2007,953.0,1255.0,-1.4902861808832644,0.0
uttarakhand,malaria,2008,1059.0,1242.0,-0.9416981063888473,0.14285714285714285
uttarakhand,malaria,2009,1264.0,1108.0,0.7782302849865036,0.75
uttarakhand,malaria,2010,1672.0,1108.0,2.4311879150642413,0.8888888888888888
uttarakhand,malaria,2011,1277.0,1108.0,0.7268877834944908,0.7
uttarakhand,malaria,2012,1948.0,1264.0,1.6489789884659525,0.9090909090909091
uttarakhand,malaria,2013,1426.0,1277.0,0.397703551318217,0.6666666666666666
uttarakhand,malaria,2014,1171.0,1426.0,-1.1019053472801716,0.23076923076923078
uttarakhand,malaria,2015,1466.0,1426.0,0.11724048453767051,0.7142857142857143
uttarakhand,malaria,2016,961.0,1426.0,-2.411741040335605,0.06666666666666667
uttarakhand,malaria,2017,508.0,1426.0,-3.532006316763501,0.0
uttarakhand,malaria,2018,409.0,1171.0,-3.5878208271310434,0.0
uttarakhand,malaria,2019,296.0,961.0,-1.878653056952565,0.0
uttarakhand,malaria,2020,15.0,508.0,-4.331862526231696,0.0
uttarakhand,malaria,2021,10792.0,409.0,6.841650359644984,1.0
uttarakhand,malaria,2022,19.0,409.0,-6.318519169940077,0.047619047619047616
uttarakhand,chikungunya,2022,2000.0,18.0,4.915001174409158,1.0
west_bengal,dengue,2009,399.0,1038.0,-0.35487024511004156,0.4
west_bengal,dengue,2010,805.0,1038.0,-0.17942874233016026,0.5
west_bengal,dengue,2011,510.0,805.0,-0.7257996642671146,0.42857142857142855
west_bengal,dengue,2012,6456.0,510.0,3.7542829560680566,1.0
west_bengal,dengue,2013,5920.0,805.0,2.951529765504514,0.7777777777777778
west_bengal,dengue,2017,37746.0,805.0,3.703125781565251,1.0
west_bengal,dengue,2018,23301.0,5920.0,0.49885275413922825,0.9090909090909091
west_bengal,dengue,2019,47928.0,6456.0,1.0535152300770931,1.0
west_bengal,dengue,2020,5166.0,23301.0,-1.4087293802066732,0.5384615384615384
west_bengal,dengue,2021,8264.0,23301.0,-0.969403681155771,0.7857142857142857
west_bengal,dengue,2022,1753.0,23301.0,-2.4191758195727844,0.4666666666666667
west_bengal,malaria,2006,159646.0,194421.0,-1.040856592358561,0.2
west_bengal,malaria,2007,87754.0,194421.0,-4.2015528555976,0.0
west_bengal,malaria,2008,89443.0,185964.0,-2.867389377461785,0.14285714285714285
west_bengal,malaria,2009,141211.0,159646.0,-0.2548342701953516,0.25
west_bengal,malaria,2010,134795.0,141211.0,-0.11392702295764737,0.2222222222222222
west_bengal,malaria,2011,66368.0,134795.0,-2.8244162730394207,0.0
west_bengal,malaria,2012,55793.0,89443.0,-1.0668297261481048,0.0
west_bengal,malaria,2013,34717.0,89443.0,-1.5562785593665829,0.0
west_bengal,malaria,2014,26484.0,66368.0,-0.9562483776866917,0.0
west_bengal,malaria,2015,24208.0,55793.0,-1.1870805619224791,0.0
west_bengal,malaria,2016,35236.0,34717.0,0.027759814236025703,0.2
west_bengal,malaria,2017,31265.0,34717.0,-0.2609630768937756,0.125
west_bengal,malaria,2018,26440.0,31265.0,-0.9455496675301018,0.058823529411764705
west_bengal,malaria,2019,25928.0,26484.0,-0.15926194802369328,0.05555555555555555
west_bengal,malaria,2020,14049.0,26440.0,-4.835802847683845,0.0
west_bengal,malaria,2021,28987.0,26440.0,0.3700751339485317,0.25
west_bengal,malaria,2022,40563.0,26440.0,3.138748759812644,0.42857142857142855
west_bengal,chikungunya,2011,4482.0,17898.0,-6.8724883151094005,0.2
west_bengal,chikungunya,2012,1381.0,17898.0,-12.713985321333718,0.16666666666666666
west_bengal,chikungunya,2013,646.0,5270.0,-1.1573028977619324,0.14285714285714285
west_bengal,chikungunya,2014,1032.0,4482.0,-0.8413219026007743,0.25
west_bengal,chikungunya,2015,1013.0,1381.0,-0.27517535345332117,0.2222222222222222
west_bengal,chikungunya,2016,1071.0,1032.0,0.08587740532354282,0.4
west_bengal,chikungunya,2017,2103.0,1032.0,7.113731047379623,0.5454545454545454
west_bengal,chikungunya,2018,52.0,1032.0,-29.699305555675164,0.08333333333333333
west_bengal,chikungunya,2020,391.0,1032.0,-9.689606293291764,0.15384615384615385
west_bengal,chikungunya,2021,154.0,1013.0,-1.735560975306009,0.14285714285714285
west_bengal,chikungunya,2022,1230.0,391.0,0.7672152057116822,0.5333333333333333
