definition,disease,predictor,n,n_outbreak,auroc_relative_pooled,auroc_raw_count_pooled,auroc_within_series_mean,n_series_usable,n_series_total
p90,dengue,model,238,117,0.5836688563961291,0.5007416825598644,0.4731770833333333,32,36
p90,dengue,persistence,238,117,0.6037296037296037,0.5150102422829695,0.533891369047619,32,36
p90,malaria,model,463,28,0.8467980295566503,0.4099343185550082,0.7837373737373737,15,36
p90,malaria,persistence,463,28,0.8646551724137931,0.4074712643678161,0.7861279461279462,15,36
p90,chikungunya,model,235,57,0.8203232801103884,0.34964518036664693,0.6705741275185719,18,29
p90,chikungunya,persistence,235,57,0.8206189631381825,0.3601912083579736,0.6666720111164556,18,29
p90,all,model,936,202,0.8003277848220789,0.4109990018075377,0.5995086395086394,65,101
p90,all,persistence,936,202,0.7905616855963525,0.4080044244206437,0.6288698338698337,65,101
p95,dengue,model,238,99,0.5984303466317855,0.4805973403095705,0.48984375,32,36
p95,dengue,persistence,238,99,0.5937068526996585,0.49077101954799796,0.5155133928571428,32,36
p95,malaria,model,463,22,0.8248814677386106,0.38404452690166974,0.709090909090909,13,36
p95,malaria,persistence,463,22,0.8440012368583797,0.3826015254586683,0.7033799533799533,13,36
p95,chikungunya,model,235,35,0.8338571428571429,0.18514285714285714,0.5682506887052342,11,29
p95,chikungunya,persistence,235,35,0.8274285714285714,0.19528571428571428,0.5660468319559229,11,29
p95,all,model,936,156,0.7973372781065089,0.38368261012491783,0.5561417748917749,56,101
p95,all,persistence,936,156,0.7790639381985536,0.3794666337935569,0.5690514842300557,56,101
mean+2sd,dengue,model,238,20,0.7236238532110092,0.23256880733944954,0.4890873015873016,12,36
mean+2sd,dengue,persistence,238,20,0.7135321100917431,0.24438073394495413,0.5615079365079365,12,36
mean+2sd,malaria,model,463,12,0.8390613451589062,0.48207686622320767,0.7018518518518518,9,36
mean+2sd,malaria,persistence,463,12,0.8416481892091648,0.47607169253510717,0.7,9,36
mean+2sd,chikungunya,model,235,26,0.8789105631210894,0.06606551343393449,0.42361111111111116,6,29
mean+2sd,chikungunya,persistence,235,26,0.8790945896209054,0.08143172616856828,0.46329365079365087,6,29
mean+2sd,all,model,936,58,0.8150184588798994,0.21928756578430603,0.5454585537918871,27,101
mean+2sd,all,persistence,936,58,0.8098342628230304,0.2235880920587542,0.5858465608465608,27,101
