year,state_id,disease,true,model,persistence
2010,andaman_and_nicobar_islands,malaria,2484.0,5888.30322265625,5760.0
2010,andhra_pradesh,dengue,776.0,445.03912353515625,697.519633450518
2010,andhra_pradesh,malaria,19573.3387561455,14708.0625,14742.868756762544
2010,andhra_pradesh,chikungunya,116.0,71.35387420654297,346.4152129153413
2010,arunachal_pradesh,malaria,17944.0,21810.390625,22066.0
2010,assam,malaria,68353.0,87329.9765625,91413.0
2010,bihar,dengue,510.0,3.689910411834717,1.0
2010,bihar,malaria,1908.0,3375.570068359375,3255.0
2010,chandigarh,dengue,221.0,277.9538269042969,25.0
2010,chandigarh,malaria,351.0,462.1241760253906,430.0
2010,chhattisgarh,dengue,4.0,44.03580856323242,26.0
2010,chhattisgarh,malaria,152209.0,122747.359375,129397.0
2010,chhattisgarh,chikungunya,0.0,-0.05650221183896065,0.0
2010,dadra_and_nagar_haveli_and_daman_and_diu,malaria,5907.0,3660.860595703125,3505.0
2010,delhi,dengue,6259.0,1057.10693359375,1153.0
2010,delhi,malaria,251.0,187.34762573242188,169.0
2010,delhi,chikungunya,120.0,209.75746154785156,18.0
2010,goa,dengue,242.0,181.96481323242188,277.0
2010,goa,malaria,2368.0,5232.326171875,5056.0
2010,goa,chikungunya,1429.0,332.3160400390625,1839.0
2010,gujarat,dengue,2568.0,1342.0087890625,2461.0
2010,gujarat,malaria,66501.0,44631.55078125,45902.0
2010,gujarat,chikungunya,1709.0,1196.6124267578125,1740.0
2010,haryana,dengue,866.0,804.3312377929688,125.0
2010,haryana,malaria,18921.0,29526.025390625,30168.0
2010,haryana,chikungunya,26.0,9.286626815795898,2.0
2010,himachal_pradesh,malaria,210.0,187.53309631347656,192.0
2010,jammu_and_kashmir,malaria,784.4577417593248,349.8769226074219,338.4318935769656
2010,jammu_and_kashmir,chikungunya,0.0,-0.05650221183896065,0.0
2010,jharkhand,malaria,199842.0,215644.703125,230683.0
2010,karnataka,dengue,2285.0,682.826171875,1764.0
2010,karnataka,malaria,44319.0,35966.3515625,36859.0
2010,karnataka,chikungunya,8740.0,18685.93359375,41230.0
2010,kerala,dengue,2597.0,940.9725952148438,1425.0
2010,kerala,malaria,2299.0,2174.4658203125,2046.0
2010,kerala,chikungunya,1708.0,8310.5078125,13349.0
2010,ladakh,dengue,0.0,0.618660569190979,0.0437462799019323
2010,ladakh,malaria,17.54225824067511,5.4838151931762695,7.5681064230344
2010,ladakh,chikungunya,0.0,-0.05650221183896065,0.0
2010,lakshadweep,dengue,0.0,0.833095908164978,0.0
2010,lakshadweep,malaria,6.0,5.913975238800049,8.0
2010,madhya_pradesh,dengue,175.0,211.90744018554688,1467.0
2010,madhya_pradesh,malaria,87165.0,83739.0859375,87628.0
2010,madhya_pradesh,chikungunya,113.0,20.812965393066406,30.0
2010,maharashtra,dengue,1489.0,1140.2313232421875,2255.0
2010,maharashtra,malaria,139198.0,89409.75,93818.0
2010,maharashtra,chikungunya,7431.0,1237.58935546875,1594.0
2010,manipur,malaria,947.0,1155.352783203125,1069.0
2010,meghalaya,malaria,41642.0,73324.96875,76759.0
2010,mizoram,malaria,15594.0,9463.5791015625,9399.0
2010,nagaland,malaria,4959.0,8571.7763671875,8489.0
2010,nagaland,chikungunya,0.0,-0.05650221183896065,0.0
2010,odisha,malaria,395651.0,352623.15625,380904.0
2010,odisha,chikungunya,544.0,1555.950439453125,2306.0
2010,puducherry,dengue,96.0,292.3189392089844,66.0
2010,puducherry,malaria,175.0,62.26222229003906,65.0
2010,punjab,dengue,4012.0,614.678955078125,245.0
2010,punjab,malaria,3477.0000000000005,3087.1396484375,2955.0
2010,rajasthan,dengue,1823.0,900.6026611328125,1389.0
2010,rajasthan,malaria,50963.0,32026.052734375,32709.0
2010,rajasthan,chikungunya,1326.0,52.4549446105957,256.0
2010,sikkim,malaria,49.0,37.803131103515625,42.0
2010,tamil_nadu,dengue,2051.0,780.82958984375,1072.0
2010,tamil_nadu,malaria,17086.0,14964.32421875,14988.0
2010,tamil_nadu,chikungunya,4319.0,572.1465454101562,5063.0
2010,telangana,malaria,13819.661243854498,10486.6396484375,10409.131243237456
2010,tripura,malaria,23939.0,23985.65234375,24430.0
2010,uttar_pradesh,dengue,960.0,286.3929748535156,168.0
2010,uttar_pradesh,malaria,64606.0,53596.7421875,55437.0
2010,uttarakhand,malaria,1672.0,1357.3486328125,1264.0
2010,west_bengal,dengue,805.0,715.0114135742188,399.0
2010,west_bengal,malaria,134795.0,133275.140625,141211.0
2010,west_bengal,chikungunya,20503.0,3930.361328125,5270.0
2011,andaman_and_nicobar_islands,dengue,6.0,22.70734405517578,25.0
2011,andaman_and_nicobar_islands,malaria,1918.0,2672.63916015625,2484.0
2011,andaman_and_nicobar_islands,chikungunya,96.0,26.063798904418945,59.0
2011,andhra_pradesh,dengue,1209.0,860.0758056640625,776.0
2011,andhra_pradesh,malaria,34949.0,19300.884765625,19573.3387561455
2011,andhra_pradesh,chikungunya,99.0,150.36293029785156,116.0
2011,arunachal_pradesh,malaria,13950.0,17749.50390625,17944.0
2011,assam,malaria,47397.0,65002.1171875,68353.0
2011,bihar,dengue,21.0,145.19969177246094,510.0
2011,bihar,malaria,2643.0,2068.550048828125,1908.0
2011,chandigarh,dengue,73.0,213.31141662597656,221.0
2011,chandigarh,malaria,582.0,390.401611328125,351.0
2011,chhattisgarh,dengue,313.0,30.08405876159668,4.0
2011,chhattisgarh,malaria,136899.0,141892.765625,152209.0
2011,chhattisgarh,chikungunya,0.0,-0.028026748448610306,0.0
2011,dadra_and_nagar_haveli_and_daman_and_diu,dengue,68.0,32.29983139038086,46.0
2011,dadra_and_nagar_haveli_and_daman_and_diu,malaria,5412.0,6051.58349609375,5907.0
2011,delhi,dengue,1131.0,3360.155029296875,6259.0
2011,delhi,malaria,413.0,264.59600830078125,251.0
2011,delhi,chikungunya,110.0,147.3483428955078,120.0
2011,goa,dengue,26.0,470.8000183105469,242.0
2011,goa,malaria,1187.0,2560.388427734375,2368.0
2011,goa,chikungunya,664.0,1388.18310546875,1429.0
2011,gujarat,dengue,1693.0,2071.09765625,2568.0
2011,gujarat,malaria,89764.0,63310.32421875,66501.0
2011,gujarat,chikungunya,1042.0,1825.583251953125,1709.0
2011,haryana,dengue,267.0,486.78704833984375,866.0
2011,haryana,malaria,33401.0,18685.54296875,18921.0
2011,haryana,chikungunya,215.0,52.04384994506836,26.0
2011,himachal_pradesh,malaria,247.0,221.47903442382812,210.0
2011,jammu_and_kashmir,malaria,1067.1364043134956,805.3967895507812,784.4577417593248
2011,jammu_and_kashmir,chikungunya,0.0,-0.028026748448610306,0.0
2011,jharkhand,dengue,36.0,23.801593780517578,27.0
2011,jharkhand,malaria,160653.0,184960.5,199842.0
2011,karnataka,dengue,405.0,1775.112060546875,2285.0
2011,karnataka,malaria,24237.0,42645.59375,44319.0
2011,karnataka,chikungunya,1941.0,7106.84033203125,8740.0
2011,kerala,dengue,1304.0,1889.4874267578125,2597.0
2011,kerala,malaria,1993.0,2443.66259765625,2299.0
2011,kerala,chikungunya,183.0,2169.6123046875,1708.0
2011,ladakh,dengue,0.0656194198528985,0.3533492088317871,0.0
2011,ladakh,malaria,23.863595686504425,13.770662307739258,17.54225824067511
2011,ladakh,chikungunya,0.0,-0.028026748448610306,0.0
2011,lakshadweep,malaria,8.0,4.459010601043701,6.0
2011,madhya_pradesh,dengue,50.0,450.35003662109375,175.0
2011,madhya_pradesh,malaria,91851.0,82356.1015625,87165.0
2011,madhya_pradesh,chikungunya,280.0,69.84867095947266,113.0
2011,maharashtra,dengue,1138.0,1511.2413330078125,1489.0
2011,maharashtra,malaria,96577.0,130163.84375,139198.0
2011,maharashtra,chikungunya,5113.0,5650.9248046875,7431.0
2011,manipur,dengue,220.0,9.350311279296875,7.0
2011,manipur,malaria,714.0,1035.680419921875,947.0
2011,meghalaya,malaria,25143.0,40164.90625,41642.0
2011,meghalaya,chikungunya,168.0,11.541288375854492,16.0
2011,mizoram,malaria,8861.0,15482.357421875,15594.0
2011,nagaland,malaria,3363.0,5152.0458984375,4959.0
2011,nagaland,chikungunya,0.0,-0.028026748448610306,0.0
2011,odisha,dengue,1816.0,24.847440719604492,29.0
2011,odisha,malaria,308968.0,360150.84375,395651.0
2011,odisha,chikungunya,236.0,1273.78857421875,544.0
2011,puducherry,dengue,463.0,236.03456115722656,96.0
2011,puducherry,malaria,196.0,165.14013671875,175.0
2011,puducherry,chikungunya,42.0,8.915307998657227,11.0
2011,punjab,dengue,3921.0,1496.00341796875,4012.0
2011,punjab,malaria,2693.0,3640.75537109375,3477.0000000000005
2011,rajasthan,dengue,1072.0,1534.5467529296875,1823.0
2011,rajasthan,malaria,54294.0,48832.93359375,50963.0
2011,rajasthan,chikungunya,608.0,852.2381591796875,1326.0
2011,sikkim,malaria,51.0,47.512229919433594,49.0
2011,tamil_nadu,dengue,2501.0,1534.967041015625,2051.0
2011,tamil_nadu,malaria,22171.0,16922.505859375,17086.0
2011,tamil_nadu,chikungunya,4194.0,3365.18798828125,4319.0
2011,tripura,malaria,14417.0,23462.3125,23939.0
2011,uttar_pradesh,dengue,155.0,502.31500244140625,960.0
2011,uttar_pradesh,malaria,56968.0,61500.94140625,64606.0
2011,uttar_pradesh,chikungunya,3.0,9.120731353759766,5.0
2011,uttarakhand,dengue,454.0,58.10010528564453,178.0
2011,uttarakhand,malaria,1277.0,1784.1478271484375,1672.0
2011,west_bengal,dengue,510.0,789.7133178710938,805.0
2011,west_bengal,malaria,66368.0,126096.0625,134795.0
2011,west_bengal,chikungunya,4482.0,14581.5888671875,20503.0
2012,andaman_and_nicobar_islands,dengue,24.0,60.803619384765625,6.0
2012,andaman_and_nicobar_islands,malaria,1539.0,2013.0848388671875,1918.0
2012,andaman_and_nicobar_islands,chikungunya,256.0,125.96986389160156,96.0
2012,andhra_pradesh,dengue,2299.0,1062.4652099609375,1209.0
2012,andhra_pradesh,malaria,24699.0,33688.7421875,34949.0
2012,andhra_pradesh,chikungunya,2827.0,478.8910827636719,99.0
2012,arunachal_pradesh,malaria,8368.0,13651.8388671875,13950.0
2012,assam,malaria,29999.0,45136.95703125,47397.0
2012,bihar,dengue,872.0,101.50845336914062,21.0
2012,bihar,malaria,2605.0,2741.945556640625,2643.0
2012,bihar,chikungunya,34.0,97.48838806152344,91.0
2012,chandigarh,dengue,351.0,342.3997802734375,73.0
2012,chandigarh,malaria,201.0,628.5609130859375,582.0
2012,chandigarh,chikungunya,1.0,1.635042428970337,1.0
2012,chhattisgarh,dengue,45.0,94.25142669677734,313.0
2012,chhattisgarh,malaria,124006.0,128103.546875,136899.0
2012,chhattisgarh,chikungunya,0.0,-0.028444504365324974,0.0
2012,dadra_and_nagar_haveli_and_daman_and_diu,dengue,252.0,165.9035186767578,68.0
2012,dadra_and_nagar_haveli_and_daman_and_diu,malaria,5126.0,5462.80029296875,5412.0
2012,delhi,dengue,2093.0,1235.5841064453125,1131.0
2012,delhi,malaria,382.0,440.0888366699219,413.0
2012,delhi,chikungunya,6.0,235.6318359375,110.0
2012,goa,dengue,39.0,335.3521423339844,26.0
2012,goa,malaria,1714.0,1279.5,1187.0
2012,goa,chikungunya,571.0,782.9260864257812,664.0
2012,gujarat,dengue,3067.0,1400.5782470703125,1693.0
2012,gujarat,malaria,76246.0,84776.78125,89764.0
2012,gujarat,chikungunya,1317.0,944.1765747070312,1042.0
2012,haryana,dengue,768.0,721.478271484375,267.0
2012,haryana,malaria,26819.0,32186.1640625,33401.0
2012,haryana,chikungunya,8.0,162.89993286132812,215.0
2012,himachal_pradesh,malaria,216.0,268.6861877441406,247.0
2012,jammu_and_kashmir,dengue,16.62815662083357,10.676779747009277,2.9343805801471006
2012,jammu_and_kashmir,malaria,845.1016070823649,1141.9659423828125,1067.1364043134956
2012,jharkhand,dengue,42.0,143.67124938964844,36.0
2012,jharkhand,malaria,131476.0,149847.828125,160653.0
2012,jharkhand,chikungunya,86.0,188.05081176757812,816.0
2012,karnataka,dengue,3924.0,934.0455322265625,405.0
2012,karnataka,malaria,16466.0,23381.806640625,24237.0
2012,karnataka,chikungunya,2382.0,1321.1085205078125,1941.0
2012,kerala,dengue,4172.0,1262.7799072265625,1304.0
2012,kerala,malaria,2036.0,2091.114990234375,1993.0
2012,kerala,chikungunya,66.0,568.2210083007812,183.0
2012,ladakh,dengue,0.37184337916643,0.12750740349292755,0.0656194198528985
2012,ladakh,malaria,18.898392917635036,22.891578674316406,23.863595686504425
2012,lakshadweep,malaria,9.0,8.129532814025879,8.0
2012,madhya_pradesh,dengue,239.0,432.6885681152344,50.0
2012,madhya_pradesh,malaria,76538.0,86583.3671875,91851.0
2012,madhya_pradesh,chikungunya,20.0,332.149658203125,280.0
2012,maharashtra,dengue,2931.0,1176.490478515625,1138.0
2012,maharashtra,malaria,58517.0,90852.0703125,96577.0
2012,maharashtra,chikungunya,1544.0,2571.93310546875,5113.0
2012,manipur,dengue,6.0,103.0002670288086,220.0
2012,manipur,malaria,255.0,787.88037109375,714.0
2012,meghalaya,malaria,20834.0,24228.08984375,25143.0
2012,mizoram,malaria,9883.0,8772.3037109375,8861.0
2012,nagaland,malaria,2891.0,3440.732177734375,3363.0
2012,odisha,dengue,2255.0,349.5511474609375,1816.0
2012,odisha,malaria,262842.0,285167.0625,308968.0
2012,odisha,chikungunya,129.0,628.2112426757812,236.0
2012,puducherry,dengue,3506.0,305.3030700683594,463.0
2012,puducherry,malaria,143.0,205.84678649902344,196.0
2012,puducherry,chikungunya,45.0,95.20507049560547,42.0
2012,punjab,dengue,770.0,2093.108154296875,3921.0
2012,punjab,malaria,1689.0,2787.10498046875,2693.0
2012,rajasthan,dengue,1295.0,1162.4150390625,1072.0
2012,rajasthan,malaria,45809.0,51712.5234375,54294.0
2012,rajasthan,chikungunya,172.0,687.6376342773438,608.0
2012,sikkim,dengue,2.0,6.591867923736572,2.0
2012,sikkim,malaria,77.0,53.455562591552734,51.0
2012,tamil_nadu,dengue,12826.0,1622.4312744140625,2501.0
2012,tamil_nadu,malaria,18869.0,21539.203125,22171.0
2012,tamil_nadu,chikungunya,5018.0,2244.920654296875,4194.0
2012,tripura,malaria,11565.0,14079.2099609375,14417.0
2012,uttar_pradesh,dengue,342.0,670.2357788085938,155.0
2012,uttar_pradesh,malaria,47400.0,54140.99609375,56968.0
2012,uttar_pradesh,chikungunya,13.0,12.755460739135742,3.0
2012,uttarakhand,dengue,110.0,275.63824462890625,454.0
2012,uttarakhand,malaria,1948.0,1368.6036376953125,1277.0
2012,west_bengal,dengue,6456.0,856.5155029296875,510.0
2012,west_bengal,malaria,55793.0,62751.6484375,66368.0
2012,west_bengal,chikungunya,1381.0,2326.01318359375,4482.0
2013,andaman_and_nicobar_islands,dengue,67.0,85.19113159179688,24.0
2013,andaman_and_nicobar_islands,malaria,1005.0,1591.7640380859375,1539.0
2013,andaman_and_nicobar_islands,chikungunya,202.0,218.66815185546875,256.0
2013,andhra_pradesh,dengue,910.0,1687.0145263671875,2299.0
2013,andhra_pradesh,malaria,19787.0,23214.181640625,24699.0
2013,andhra_pradesh,chikungunya,4827.0,1098.263916015625,2827.0
2013,arunachal_pradesh,malaria,6398.0,8133.3330078125,8368.0
2013,assam,dengue,4526.0,177.90464782714844,1058.0
2013,assam,malaria,19542.0,28018.41796875,29999.0
2013,bihar,dengue,1246.0,250.25173950195312,872.0
2013,bihar,malaria,2693.0,2636.1103515625,2605.0
2013,chandigarh,dengue,107.0,289.7597351074219,351.0
2013,chandigarh,malaria,150.0,236.05287170410156,201.0
2013,chandigarh,chikungunya,1.0,1.8914647102355957,1.0
2013,chhattisgarh,dengue,83.0,238.09432983398438,45.0
2013,chhattisgarh,malaria,110145.0,111063.515625,124006.0
2013,chhattisgarh,chikungunya,0.0,-0.027990831062197685,0.0
2013,dadra_and_nagar_haveli_and_daman_and_diu,dengue,251.0,234.57659912109375,252.0
2013,dadra_and_nagar_haveli_and_daman_and_diu,malaria,1869.0,5067.84619140625,5126.0
2013,dadra_and_nagar_haveli_and_daman_and_diu,chikungunya,2.0,52.29887390136719,101.0
2013,delhi,dengue,5574.0,1692.2222900390625,2093.0
2013,delhi,malaria,353.0,407.0739440917969,382.0
2013,delhi,chikungunya,18.0,77.5641098022461,6.0
2013,goa,dengue,198.0,156.76991271972656,39.0
2013,goa,malaria,1530.0,1761.134765625,1714.0
2013,goa,chikungunya,1049.0,490.0987548828125,571.0
2013,gujarat,dengue,6272.0,2132.779052734375,3067.0
2013,gujarat,malaria,58513.0,69308.3828125,76246.0
2013,gujarat,chikungunya,2890.0,851.96435546875,1317.0
2013,haryana,dengue,1784.0,697.7440185546875,768.0
2013,haryana,malaria,14471.0,25145.666015625,26819.0
2013,haryana,chikungunya,1.0,64.10206604003906,8.0
2013,himachal_pradesh,dengue,89.0,54.20184326171875,73.0
2013,himachal_pradesh,malaria,141.0,234.74066162109375,216.0
2013,jammu_and_kashmir,dengue,1796.8190419100745,42.95301055908203,16.62815662083357
2013,jammu_and_kashmir,malaria,682.7325483142254,891.6658935546875,845.1016070823649
2013,jharkhand,dengue,161.0,157.5023193359375,42.0
2013,jharkhand,malaria,97786.0,117530.9140625,131476.0
2013,jharkhand,chikungunya,61.0,74.4931411743164,86.0
2013,karnataka,dengue,6408.0,1730.0911865234375,3924.0
2013,karnataka,malaria,13302.0,15661.166015625,16466.0
2013,karnataka,chikungunya,5295.0,1421.018798828125,2382.0
2013,kerala,dengue,7938.0,2448.438720703125,4172.0
2013,kerala,malaria,1634.0,2080.37060546875,2036.0
2013,kerala,chikungunya,273.0,249.68104553222656,66.0
2013,ladakh,dengue,40.18095808992542,0.747289776802063,0.37184337916643
2013,ladakh,malaria,15.267451685774601,20.483793258666992,18.898392917635036
2013,lakshadweep,malaria,8.0,8.391217231750488,9.0
2013,madhya_pradesh,dengue,1255.0,233.2768096923828,239.0
2013,madhya_pradesh,malaria,78260.0,69551.7265625,76538.0
2013,madhya_pradesh,chikungunya,139.0,132.66358947753906,20.0
2013,maharashtra,dengue,5610.0,1925.115478515625,2931.0
2013,maharashtra,malaria,43677.0,53577.5234375,58517.0
2013,maharashtra,chikungunya,1578.0,1015.0050048828125,1544.0
2013,manipur,dengue,9.0,90.3106918334961,6.0
2013,manipur,malaria,120.0,298.8125305175781,255.0
2013,meghalaya,dengue,43.0,40.735599517822266,27.0
2013,meghalaya,malaria,24727.0,19676.044921875,20834.0
2013,mizoram,dengue,7.0,15.246225357055664,6.0
2013,mizoram,malaria,11747.0,9560.142578125,9883.0
2013,nagaland,malaria,2285.0,2918.2822265625,2891.0
2013,odisha,dengue,7132.0,1429.031005859375,2255.0
2013,odisha,malaria,228858.0,230029.078125,262842.0
2013,odisha,chikungunya,35.0,260.90997314453125,129.0
2013,puducherry,dengue,2215.0,1495.6971435546875,3506.0
2013,puducherry,malaria,127.0,159.77220153808594,143.0
2013,puducherry,chikungunya,146.0,100.89907836914062,45.0
2013,punjab,dengue,4117.0,1373.673095703125,770.0
2013,punjab,malaria,1760.0,1742.6402587890625,1689.0
2013,rajasthan,dengue,4413.0,1347.1513671875,1295.0
2013,rajasthan,malaria,33139.0,42264.43359375,45809.0
2013,rajasthan,chikungunya,76.0,299.7941589355469,172.0
2013,sikkim,dengue,38.0,8.930716514587402,2.0
2013,sikkim,malaria,39.0,78.97879791259766,77.0
2013,tamil_nadu,dengue,6122.0,6006.88232421875,12826.0
2013,tamil_nadu,malaria,15081.0,17879.78515625,18869.0
2013,tamil_nadu,chikungunya,859.0,2603.087646484375,5018.0
2013,tripura,dengue,8.0,21.4826602935791,9.0
2013,tripura,malaria,7396.0,11125.451171875,11565.0
2013,uttar_pradesh,dengue,1414.0,448.09759521484375,342.0
2013,uttar_pradesh,malaria,48346.0,43682.25,47400.0
2013,uttarakhand,dengue,54.0,505.7903747558594,110.0
2013,uttarakhand,malaria,1426.0,1990.23046875,1948.0
2013,west_bengal,dengue,5920.0,2532.18603515625,6456.0
2013,west_bengal,malaria,34717.0,51143.15234375,55793.0
2013,west_bengal,chikungunya,646.0,957.7347412109375,1381.0
2014,andaman_and_nicobar_islands,malaria,557.0,997.5896606445312,1005.0
2014,andaman_and_nicobar_islands,chikungunya,161.0,220.7025604248047,202.0
2014,andhra_pradesh,malaria,21077.0,18370.115234375,19787.0
2014,andhra_pradesh,chikungunya,1359.0,2546.259765625,4827.0
2014,arunachal_pradesh,malaria,6082.0,6094.36181640625,6398.0
2014,assam,malaria,14540.0,18076.416015625,19542.0
2014,bihar,malaria,2043.0,2630.26953125,2693.0
2014,chandigarh,malaria,114.0,158.92510986328125,150.0
2014,chhattisgarh,malaria,128993.0,98320.6328125,110145.0
2014,dadra_and_nagar_haveli_and_daman_and_diu,malaria,725.0,1814.663330078125,1869.0
2014,delhi,malaria,98.0,356.9913635253906,353.0
2014,delhi,chikungunya,8.0,96.97828674316406,18.0
2014,goa,malaria,824.0,1506.8951416015625,1530.0
2014,goa,chikungunya,1205.0,773.694091796875,1049.0
2014,gujarat,malaria,41608.0,52913.3359375,58513.0
2014,gujarat,chikungunya,574.0,1816.007568359375,2890.0
2014,haryana,malaria,4485.0,13448.7626953125,14471.0
2014,haryana,chikungunya,3.0,16.181610107421875,1.0
2014,himachal_pradesh,malaria,102.0,147.83518981933594,141.0
2014,jammu_and_kashmir,malaria,284.63491627426873,683.8720703125,682.7325483142254
2014,jharkhand,malaria,103735.0,87306.5703125,97786.0
2014,jharkhand,chikungunya,11.0,180.0171356201172,61.0
2014,karnataka,malaria,14794.0,12469.1162109375,13302.0
2014,karnataka,chikungunya,6962.0,3142.970458984375,5295.0
2014,kerala,malaria,1751.0000000000002,1606.4139404296875,1634.0
2014,kerala,chikungunya,272.0,254.1210174560547,273.0
2014,ladakh,malaria,6.365083725731244,16.276288986206055,15.267451685774601
2014,lakshadweep,malaria,0.0,7.821279525756836,8.0
2014,madhya_pradesh,malaria,96879.0,70557.46875,78260.0
2014,madhya_pradesh,chikungunya,161.0,178.01123046875,139.0
2014,maharashtra,malaria,53385.0,39710.5546875,43677.0
2014,maharashtra,chikungunya,1572.0,1150.3564453125,1578.0
2014,manipur,malaria,145.0,131.65655517578125,120.0
2014,meghalaya,malaria,39168.0,23007.876953125,24727.0
2014,mizoram,malaria,23145.0,11144.822265625,11747.0
2014,nagaland,malaria,1936.0,2230.369873046875,2285.0
2014,odisha,malaria,395035.0,200697.0,228858.0
2014,odisha,chikungunya,10.0,132.58349609375,35.0
2014,puducherry,malaria,79.0,131.70684814453125,127.0
2014,puducherry,chikungunya,399.0,153.5010986328125,146.0
2014,punjab,malaria,1036.0,1733.1595458984375,1760.0
2014,rajasthan,malaria,15118.0,30351.548828125,33139.0
2014,rajasthan,chikungunya,50.0,186.51414489746094,76.0
2014,sikkim,malaria,35.0,42.29086685180664,39.0
2014,tamil_nadu,malaria,8729.0,14101.6123046875,15081.0
2014,tamil_nadu,chikungunya,543.0,694.0945434570312,859.0
2014,tripura,malaria,51240.0,7003.41357421875,7396.0
2014,uttar_pradesh,malaria,41612.0,44112.23828125,48346.0
2014,uttarakhand,malaria,1171.0,1404.017578125,1426.0
2014,west_bengal,malaria,26484.0,31687.208984375,34717.0
2014,west_bengal,chikungunya,1032.0,585.521240234375,646.0
2015,andaman_and_nicobar_islands,malaria,409.0,554.3114013671875,557.0
2015,andaman_and_nicobar_islands,chikungunya,68.0,184.97817993164062,161.0
2015,andhra_pradesh,malaria,25042.0,20127.982421875,21077.0
2015,andhra_pradesh,chikungunya,817.0,1016.3609619140625,1359.0
2015,arunachal_pradesh,malaria,5088.0,5897.751953125,6082.0
2015,assam,malaria,15557.0,13865.5439453125,14540.0
2015,bihar,malaria,4006.0,2000.3310546875,2043.0
2015,chandigarh,malaria,152.0,116.52035522460938,114.0
2015,chhattisgarh,malaria,144886.0,119484.171875,128993.0
2015,dadra_and_nagar_haveli_and_daman_and_diu,malaria,502.0,715.8272094726562,725.0
2015,delhi,malaria,54.0,102.12422943115234,98.0
2015,goa,malaria,651.0,813.6055297851562,824.0
2015,goa,chikungunya,561.0,906.0692749023438,1205.0
2015,gujarat,malaria,41566.0,39018.78515625,41608.0
2015,gujarat,chikungunya,406.0,488.9306945800781,574.0
2015,haryana,malaria,9308.0,4277.830078125,4485.0
2015,haryana,chikungunya,1.0,7.793270111083984,3.0
2015,himachal_pradesh,malaria,60.0,104.71215057373047,102.0
2015,jammu_and_kashmir,malaria,216.0,287.0063171386719,284.63491627426873
2015,jharkhand,malaria,104800.0,96306.0625,103735.0
2015,jharkhand,chikungunya,21.0,43.07612609863281,11.0
2015,karnataka,malaria,12445.0,14216.4765625,14794.0
2015,karnataka,chikungunya,20763.0,4325.67138671875,6962.0
2015,kerala,malaria,1549.0,1726.8765869140625,1751.0000000000002
2015,kerala,chikungunya,175.0,232.5671844482422,272.0
2015,ladakh,malaria,0.0,6.617452621459961,6.365083725731244
2015,lakshadweep,malaria,4.0,0.09843170642852783,0.0
2015,madhya_pradesh,malaria,100597.0,90350.6640625,96879.0
2015,madhya_pradesh,chikungunya,67.0,139.29135131835938,161.0
2015,maharashtra,malaria,56603.0,50298.06640625,53385.0
2015,maharashtra,chikungunya,78.0,1179.54833984375,1572.0
2015,manipur,malaria,216.0,147.6533966064453,145.0
2015,meghalaya,malaria,48603.0,37328.00390625,39168.0
2015,mizoram,malaria,28593.0,22355.50390625,23145.0
2015,nagaland,malaria,1527.0,1899.93701171875,1936.0
2015,odisha,malaria,436850.0,359570.15625,395035.0
2015,odisha,chikungunya,81.0,44.44281005859375,10.0
2015,puducherry,malaria,54.0,81.28231811523438,79.0
2015,puducherry,chikungunya,245.0,288.1921691894531,399.0
2015,punjab,malaria,596.0,1020.0637817382812,1036.0
2015,punjab,chikungunya,180.0,2.846837282180786,2.0
2015,rajasthan,malaria,11796.0,14289.48828125,15118.0
2015,rajasthan,chikungunya,7.0,94.3674545288086,50.0
2015,sikkim,malaria,27.0,36.2280158996582,35.0
2015,tamil_nadu,malaria,5587.0,8348.220703125,8729.0
2015,tamil_nadu,chikungunya,329.0,516.7036743164062,543.0
2015,telangana,malaria,10951.0,4384.181640625,5189.0
2015,telangana,chikungunya,2067.0,193.0684356689453,1687.0
2015,tripura,malaria,32525.0,50011.59765625,51240.0
2015,tripura,chikungunya,180.0,26.35114860534668,34.0
2015,uttar_pradesh,malaria,42767.0,39172.17578125,41612.0
2015,uttarakhand,malaria,1466.0,1156.0433349609375,1171.0
2015,west_bengal,malaria,24208.0,25036.642578125,26484.0
2015,west_bengal,chikungunya,1013.0,843.9603881835938,1032.0
2016,andaman_and_nicobar_islands,malaria,485.0,389.6310119628906,409.0
2016,andaman_and_nicobar_islands,chikungunya,18.0,84.08678436279297,68.0
2016,andhra_pradesh,malaria,23613.0,23574.75390625,25042.0
2016,andhra_pradesh,chikungunya,960.0,572.8748168945312,817.0
2016,arunachal_pradesh,malaria,3128.0,4826.3955078125,5088.0
2016,arunachal_pradesh,chikungunya,239.0,24.206510543823242,35.0
2016,assam,malaria,7826.0,14692.0234375,15557.0
2016,bihar,malaria,5189.0,3861.317626953125,4006.0
2016,bihar,chikungunya,566.0,3.560063362121582,3.0
2016,chandigarh,malaria,157.0,143.85556030273438,152.0
2016,chandigarh,chikungunya,2857.0,1.3433623313903809,1.0
2016,chhattisgarh,malaria,148220.0,133388.0625,144886.0
2016,chhattisgarh,chikungunya,0.0,0.03333430364727974,0.0
2016,dadra_and_nagar_haveli_and_daman_and_diu,malaria,423.0,478.59027099609375,502.0
2016,delhi,malaria,31.0,51.566036224365234,54.0
2016,goa,malaria,742.0,621.1895141601562,651.0
2016,goa,chikungunya,337.0,401.24993896484375,561.0
2016,gujarat,malaria,44783.0,38807.02734375,41566.0
2016,gujarat,chikungunya,3285.0,316.2862243652344,406.0
2016,haryana,malaria,7866.0,8946.0751953125,9308.0
2016,haryana,chikungunya,5394.0,2.2919695377349854,1.0
2016,himachal_pradesh,malaria,106.0,56.818328857421875,60.0
2016,jammu_and_kashmir,malaria,242.0,205.50845336914062,216.0
2016,jammu_and_kashmir,chikungunya,0.978126860049033,0.03333430364727974,0.0
2016,jharkhand,malaria,141414.0,96731.8828125,104800.0
2016,jharkhand,chikungunya,47.0,43.95791244506836,21.0
2016,karnataka,malaria,11078.0,11723.8056640625,12445.0
2016,karnataka,chikungunya,15666.0,11703.8740234375,20763.0
2016,kerala,malaria,1547.0,1478.07958984375,1549.0
2016,kerala,chikungunya,129.0,154.9206085205078,175.0
2016,ladakh,malaria,0.0,0.26009315252304077,0.0
2016,ladakh,chikungunya,0.0218731399509659,0.03333430364727974,0.0
2016,lakshadweep,malaria,2.0,3.7220826148986816,4.0
2016,madhya_pradesh,malaria,69106.0,92936.8046875,100597.0
2016,madhya_pradesh,chikungunya,2280.0,81.73807525634766,67.0
2016,maharashtra,malaria,23983.0,52687.9453125,56603.0
2016,maharashtra,chikungunya,7570.0,93.21976470947266,78.0
2016,manipur,malaria,122.0,205.0093231201172,216.0
2016,meghalaya,malaria,35147.0,45444.70703125,48603.0
2016,mizoram,malaria,7583.0,26893.869140625,28593.0
2016,nagaland,malaria,828.0,1455.129150390625,1527.0
2016,nagaland,chikungunya,0.0,0.03333430364727974,0.0
2016,odisha,malaria,444843.0,395930.71875,436850.0
2016,odisha,chikungunya,51.0,77.59929656982422,81.0
2016,puducherry,malaria,76.0,51.055938720703125,54.0
2016,puducherry,chikungunya,463.0,191.77987670898438,245.0
2016,punjab,malaria,693.0,566.6326904296875,596.0
2016,punjab,chikungunya,4407.0,65.29023742675781,180.0
2016,rajasthan,malaria,12741.0,11114.654296875,11796.0
2016,rajasthan,chikungunya,2506.0,23.308246612548828,7.0
2016,sikkim,malaria,15.0,25.355098724365234,27.0
2016,tamil_nadu,malaria,4341.0,5276.38037109375,5587.0
2016,tamil_nadu,chikungunya,86.0,259.00848388671875,329.0
2016,telangana,malaria,3512.0,10294.72265625,10951.0
2016,telangana,chikungunya,611.0,950.0850830078125,2067.0
2016,tripura,malaria,10546.0,30221.33984375,32525.0
2016,tripura,chikungunya,311.0,98.58378601074219,180.0
2016,uttar_pradesh,malaria,40700.0,39927.9609375,42767.0
2016,uttarakhand,malaria,961.0,1406.5013427734375,1466.0
2016,west_bengal,malaria,35236.0,22699.015625,24208.0
2016,west_bengal,chikungunya,1071.0,666.494384765625,1013.0
2017,andaman_and_nicobar_islands,malaria,505.0,459.65875244140625,485.0
2017,andaman_and_nicobar_islands,chikungunya,93.0,50.900054931640625,18.0
2017,andhra_pradesh,malaria,16972.0,21668.431640625,23613.0
2017,andhra_pradesh,chikungunya,1162.0,637.7256469726562,960.0
2017,arunachal_pradesh,malaria,1546.0,2891.91064453125,3128.0
2017,arunachal_pradesh,chikungunya,133.0,117.3469009399414,239.0
2017,assam,malaria,5281.0,7182.2216796875,7826.0
2017,assam,chikungunya,41.0,34.728328704833984,40.0
2017,bihar,malaria,4020.0,4812.69580078125,5189.0
2017,bihar,chikungunya,1251.0,141.12535095214844,566.0
2017,chandigarh,malaria,114.0,149.56964111328125,157.0
2017,chandigarh,chikungunya,1810.0,448.67230224609375,2857.0
2017,chhattisgarh,malaria,140727.0,135446.640625,148220.0
2017,chhattisgarh,chikungunya,0.0,0.04260852560400963,0.0
2017,dadra_and_nagar_haveli_and_daman_and_diu,malaria,328.0,401.3684997558594,423.0
2017,delhi,malaria,577.0,29.569795608520508,31.0
2017,delhi,chikungunya,940.0,1754.897705078125,12279.0
2017,goa,malaria,653.0,699.789794921875,742.0
2017,goa,chikungunya,509.0,267.2758483886719,337.0
2017,gujarat,malaria,38588.0,41046.65625,44783.0
2017,gujarat,chikungunya,7953.0,1875.44384765625,3285.0
2017,haryana,malaria,5696.0,7249.66357421875,7866.0
2017,haryana,chikungunya,220.0,790.8694458007812,5394.0
2017,himachal_pradesh,malaria,96.0,99.7957534790039,106.0
2017,jammu_and_kashmir,malaria,226.0,230.74745178222656,242.0
2017,jammu_and_kashmir,chikungunya,0.0,1.3066513538360596,0.978126860049033
2017,jharkhand,malaria,94114.0,129399.4453125,141414.0
2017,jharkhand,chikungunya,269.0,73.29417419433594,47.0
2017,karnataka,malaria,7381.0,10190.2939453125,11078.0
2017,karnataka,chikungunya,32831.0,8918.685546875,15666.0
2017,kerala,malaria,1192.0,1445.7166748046875,1547.0
2017,kerala,chikungunya,78.0,128.9447479248047,129.0
2017,ladakh,malaria,0.0,0.028776291757822037,0.0
2017,ladakh,chikungunya,0.0,0.06832559406757355,0.0218731399509659
2017,lakshadweep,malaria,1.0,1.5794131755828857,2.0
2017,madhya_pradesh,malaria,47541.0,63129.08984375,69106.0
2017,madhya_pradesh,chikungunya,2477.0,1043.167236328125,2280.0
2017,maharashtra,malaria,17710.0,21904.029296875,23983.0
2017,maharashtra,chikungunya,8110.0,3708.412841796875,7570.0
2017,manipur,malaria,80.0,117.54988861083984,122.0
2017,meghalaya,malaria,16454.0,32165.87890625,35147.0
2017,meghalaya,chikungunya,236.0,95.10021209716797,360.0
2017,mizoram,malaria,5715.0,6933.0556640625,7583.0
2017,nagaland,malaria,394.0,776.603759765625,828.0
2017,nagaland,chikungunya,0.0,0.04260852560400963,0.0
2017,odisha,malaria,347860.0,405387.25,444843.0
2017,puducherry,malaria,60.0,71.17748260498047,76.0
2017,puducherry,chikungunya,475.0,324.4349060058594,463.0
2017,punjab,malaria,805.0,654.1334838867188,693.0
2017,punjab,chikungunya,3251.0,1440.1973876953125,4407.0
2017,rajasthan,malaria,10607.0,11729.1630859375,12741.0
2017,rajasthan,chikungunya,1612.0,595.7288208007812,2506.0
2017,sikkim,malaria,14.0,13.682145118713379,15.0
2017,sikkim,chikungunya,130.0,29.660371780395508,30.0
2017,tamil_nadu,malaria,5444.0,4010.466552734375,4341.0
2017,tamil_nadu,chikungunya,131.0,104.46961975097656,86.0
2017,telangana,malaria,2688.0,3229.970458984375,3512.0
2017,telangana,chikungunya,1277.0,437.0832214355469,611.0
2017,tripura,malaria,7051.0,9638.55078125,10546.0
2017,tripura,chikungunya,574.0,194.41453552246094,311.0
2017,uttar_pradesh,malaria,32345.0,37287.44140625,40700.0
2017,uttar_pradesh,chikungunya,103.0,399.8284912109375,2458.0
2017,uttarakhand,malaria,508.0,900.5278930664062,961.0
2017,west_bengal,malaria,31265.0,32379.69921875,35236.0
2017,west_bengal,chikungunya,2103.0,698.6091918945312,1071.0
2018,andaman_and_nicobar_islands,dengue,49.0,29.64437484741211,18.0
2018,andaman_and_nicobar_islands,malaria,259.0,460.8759460449219,505.0
2018,andaman_and_nicobar_islands,chikungunya,205.0,113.59821319580078,93.0
2018,andhra_pradesh,dengue,4011.0,637.5316772460938,4925.0
2018,andhra_pradesh,malaria,6040.0,15115.3798828125,16972.0
2018,andhra_pradesh,chikungunya,622.0,949.9826049804688,1162.0
2018,arunachal_pradesh,dengue,1.0,29.64437484741211,18.0
2018,arunachal_pradesh,malaria,625.0,1380.4517822265625,1546.0
2018,arunachal_pradesh,chikungunya,507.0,125.818115234375,133.0
2018,assam,dengue,166.0,648.737060546875,5024.0
2018,assam,malaria,3816.0,4700.09228515625,5281.0
2018,assam,chikungunya,3.0,61.26554489135742,41.0
2018,bihar,dengue,2142.0,284.5226135253906,1854.0
2018,bihar,malaria,1536.0,3602.084716796875,4020.0
2018,bihar,chikungunya,156.0,712.1002807617188,1251.0
2018,chandigarh,dengue,301.0,198.32708740234375,1125.0
2018,chandigarh,malaria,44.0,106.5362319946289,114.0
2018,chandigarh,chikungunya,357.0,989.6957397460938,1810.0
2018,chhattisgarh,dengue,2674.0,116.69055938720703,444.00000000000006
2018,chhattisgarh,malaria,78717.0,125349.09375,140727.0
2018,chhattisgarh,chikungunya,0.0,-0.004920808598399162,0.0
2018,dadra_and_nagar_haveli_and_daman_and_diu,dengue,656.0,316.0162658691406,2123.0
2018,dadra_and_nagar_haveli_and_daman_and_diu,malaria,245.0,300.1231994628906,328.0
2018,delhi,dengue,7136.0,1123.8311767578125,9271.0
2018,delhi,malaria,473.0,536.6483764648438,577.0
2018,delhi,chikungunya,407.0,490.1156311035156,940.0
2018,goa,dengue,335.0,91.1324462890625,235.0
2018,goa,malaria,377.0,593.31396484375,653.0
2018,goa,chikungunya,455.0,443.38555908203125,509.0
2018,gujarat,dengue,7579.000000000001,618.0452270507812,4753.0
2018,gujarat,malaria,22114.0,34384.6796875,38588.0
2018,gujarat,chikungunya,10601.0,6149.01513671875,7953.0
2018,haryana,dengue,1898.0,595.0133666992188,4550.0
2018,haryana,malaria,3149.0,5082.06396484375,5696.0
2018,haryana,chikungunya,62.0,129.55364990234375,220.0
2018,himachal_pradesh,dengue,4672.0,117.65389251708984,452.0
2018,himachal_pradesh,malaria,98.0,88.87850952148438,96.0
2018,jammu_and_kashmir,dengue,214.0,121.9870376586914,488.0
2018,jammu_and_kashmir,malaria,168.0,208.16290283203125,226.0
2018,jammu_and_kashmir,chikungunya,1.0,0.1721412092447281,0.0
2018,jharkhand,dengue,463.0,148.6708526611328,710.0
2018,jharkhand,malaria,57095.0,83763.203125,94114.0
2018,jharkhand,chikungunya,3405.0,184.49876403808594,269.0
2018,karnataka,dengue,4427.0,2064.797607421875,17844.0
2018,karnataka,malaria,5721.0,6578.115234375,7381.0
2018,karnataka,chikungunya,20411.0,25242.40234375,32831.0
2018,kerala,dengue,4083.0,2298.66796875,19994.0
2018,kerala,malaria,908.0,1074.069091796875,1192.0
2018,kerala,chikungunya,77.0,112.19113159179688,78.0
2018,ladakh,dengue,0.0,0.36991676688194275,0.0
2018,ladakh,malaria,0.0,0.03647347539663315,0.0
2018,ladakh,chikungunya,0.0,-0.0011533851502463222,0.0
2018,lakshadweep,dengue,0.0,0.36991676688194275,0.0
2018,lakshadweep,malaria,5.0,0.8084548711776733,1.0
2018,madhya_pradesh,dengue,4506.0,379.1627502441406,2666.0
2018,madhya_pradesh,malaria,22279.0,42277.4140625,47541.0
2018,madhya_pradesh,chikungunya,3211.0,1824.6558837890625,2477.0
2018,maharashtra,dengue,11011.0,963.5320434570312,7829.000000000001
2018,maharashtra,malaria,10757.0,15743.8486328125,17710.0
2018,maharashtra,chikungunya,9884.0,6043.73876953125,8110.0
2018,manipur,dengue,14.0,85.60132598876953,193.0
2018,manipur,malaria,12.0,75.8049087524414,80.0
2018,meghalaya,dengue,44.0,54.606048583984375,52.0
2018,meghalaya,malaria,6394.0,14608.216796875,16454.0
2018,meghalaya,chikungunya,44.0,136.80056762695312,236.0
2018,mizoram,dengue,68.0,77.05805969238281,136.0
2018,mizoram,malaria,4296.0,5080.22216796875,5715.0
2018,nagaland,dengue,369.0,106.1886215209961,357.0
2018,nagaland,malaria,113.0,358.3325500488281,394.0
2018,nagaland,chikungunya,0.0,-0.004920808598399162,0.0
2018,odisha,dengue,5198.0,550.4315185546875,4158.0
2018,odisha,malaria,66311.0,309763.34375,347860.0
2018,puducherry,dengue,592.0,597.0568237304688,4568.0
2018,puducherry,malaria,54.0,55.811222076416016,60.0
2018,puducherry,chikungunya,2876.0,409.51409912109375,475.0
2018,punjab,dengue,14980.0,1797.8924560546875,15398.0
2018,punjab,malaria,624.0,731.8985595703125,805.0
2018,punjab,chikungunya,736.0,2509.978515625,3251.0
2018,rajasthan,dengue,9587.0,1030.111572265625,8427.0
2018,rajasthan,malaria,5728.0,9470.125,10607.0
2018,rajasthan,chikungunya,254.0,1011.532470703125,1612.0
2018,sikkim,dengue,320.0,100.7151870727539,312.0
2018,sikkim,malaria,6.0,12.393962860107422,14.0
2018,sikkim,chikungunya,384.0,103.6828842163086,130.0
2018,tamil_nadu,dengue,4486.0,2656.524658203125,23294.0
2018,tamil_nadu,malaria,3758.0,4881.27783203125,5444.0
2018,tamil_nadu,chikungunya,284.0,152.94601440429688,131.0
2018,telangana,dengue,4592.0,687.7259521484375,5369.0
2018,telangana,malaria,1792.0,2395.184326171875,2688.0
2018,telangana,chikungunya,1954.0,1037.612548828125,1277.0
2018,tripura,dengue,100.0,75.48734283447266,127.0
2018,tripura,malaria,13079.0,6264.40087890625,7051.0
2018,tripura,chikungunya,683.0,469.15362548828125,574.0
2018,uttar_pradesh,dengue,3829.0,428.36151123046875,3092.0
2018,uttar_pradesh,malaria,86486.0,28804.8671875,32345.0
2018,uttar_pradesh,chikungunya,58.0,65.46086883544922,103.0
2018,uttarakhand,dengue,689.0,165.34432983398438,849.0
2018,uttarakhand,malaria,409.0,460.08245849609375,508.0
2018,west_bengal,dengue,23301.0,4212.8671875,37746.0
2018,west_bengal,malaria,26440.0,27897.15234375,31265.0
2018,west_bengal,chikungunya,52.0,1666.6422119140625,2103.0
2019,andaman_and_nicobar_islands,dengue,168.0,100.81912994384766,49.0
2019,andaman_and_nicobar_islands,malaria,202.0,232.74276733398438,259.0
2019,andaman_and_nicobar_islands,chikungunya,702.0,173.7520751953125,205.0
2019,andhra_pradesh,dengue,5286.0,2847.281494140625,4011.0
2019,andhra_pradesh,malaria,3104.0,5251.9169921875,6040.0
2019,andhra_pradesh,chikungunya,832.0,522.9423217773438,622.0
2019,arunachal_pradesh,dengue,123.0,6.349938869476318,1.0
2019,arunachal_pradesh,malaria,139.0,551.03662109375,625.0
2019,arunachal_pradesh,chikungunya,332.0,406.5152893066406,507.0
2019,assam,dengue,196.0,212.17022705078125,166.0
2019,assam,malaria,1459.0,3321.42724609375,3816.0
2019,bihar,dengue,6712.0,1568.416259765625,2142.0
2019,bihar,malaria,1608.0,1342.0177001953125,1536.0
2019,bihar,chikungunya,594.0,193.40567016601562,156.0
2019,chandigarh,dengue,286.0,304.2007141113281,301.0
2019,chandigarh,malaria,22.0,42.77072525024414,44.0
2019,chandigarh,chikungunya,82.0,352.2174987792969,357.0
2019,chhattisgarh,dengue,722.0,1916.47216796875,2674.0
2019,chhattisgarh,malaria,60458.0,68956.6484375,78717.0
2019,chhattisgarh,chikungunya,0.0,-0.01352914422750473,0.0
2019,dadra_and_nagar_haveli_and_daman_and_diu,dengue,2116.0,550.9397583007812,656.0
2019,dadra_and_nagar_haveli_and_daman_and_diu,malaria,81.0,219.15576171875,245.0
2019,delhi,dengue,5077.0,4987.5244140625,7136.0
2019,delhi,malaria,713.0,427.97125244140625,473.0
2019,delhi,chikungunya,520.0,387.9745178222656,407.0
2019,goa,dengue,992.0,326.1256103515625,335.0
2019,goa,malaria,272.0,335.4535217285156,377.0
2019,goa,chikungunya,867.0,388.06689453125,455.0
2019,gujarat,dengue,18219.0,5292.72216796875,7579.000000000001
2019,gujarat,malaria,13883.000000000002,19286.9375,22114.0
2019,gujarat,chikungunya,8084.0,7442.3212890625,10601.0
2019,haryana,dengue,1207.0,1402.75,1898.0
2019,haryana,malaria,1497.0,2741.54541015625,3149.0
2019,himachal_pradesh,dengue,344.0,3265.802734375,4672.0
2019,himachal_pradesh,malaria,109.0,88.27594757080078,98.0
2019,jammu_and_kashmir,dengue,439.0,242.1597442626953,214.0
2019,jammu_and_kashmir,malaria,105.0,151.4604949951172,168.0
2019,jammu_and_kashmir,chikungunya,0.0,1.4500281810760498,1.0
2019,jharkhand,dengue,825.0,416.009765625,463.0
2019,jharkhand,malaria,37133.0,49928.8671875,57095.0
2019,jharkhand,chikungunya,1691.0,2183.901123046875,3405.0
2019,karnataka,dengue,16986.0,3133.6982421875,4427.0
2019,karnataka,malaria,3499.0,4978.2890625,5721.0
2019,karnataka,chikungunya,43698.0,14244.3671875,20411.0
2019,kerala,dengue,4652.0,2899.087158203125,4083.0
2019,kerala,malaria,656.0,796.8294067382812,908.0
2019,kerala,chikungunya,109.0,112.31079864501953,77.0
2019,ladakh,dengue,0.0,0.20825563371181488,0.0
2019,ladakh,malaria,0.0,-0.019776392728090286,0.0
2019,ladakh,chikungunya,0.0,-0.011094176210463047,0.0
2019,lakshadweep,dengue,0.0,0.20825563371181488,0.0
2019,lakshadweep,malaria,11.0,4.197941303253174,5.0
2019,madhya_pradesh,dengue,4189.0,3186.009521484375,4506.0
2019,madhya_pradesh,malaria,14147.0,19417.888671875,22279.0
2019,madhya_pradesh,chikungunya,2749.0,2320.28466796875,3211.0
2019,maharashtra,dengue,14907.0,7650.3505859375,11011.0
2019,maharashtra,malaria,8866.0,9363.935546875,10757.0
2019,maharashtra,chikungunya,5158.0,6934.0078125,9884.0
2019,manipur,dengue,359.0,56.32479476928711,14.0
2019,manipur,malaria,16.0,14.323407173156738,12.0
2019,manipur,chikungunya,40.0,2.9332478046417236,2.0
2019,meghalaya,dengue,82.0,107.7363052368164,44.0
2019,meghalaya,malaria,2615.0,5554.07958984375,6394.0
2019,meghalaya,chikungunya,114.0,92.75403594970703,44.0
2019,mizoram,dengue,42.0,133.5889129638672,68.0
2019,mizoram,malaria,8543.0,3740.73779296875,4296.0
2019,nagaland,dengue,8.0,350.1715087890625,369.0
2019,nagaland,malaria,20.0,106.46954345703125,113.0
2019,nagaland,chikungunya,0.0,-0.01352914422750473,0.0
2019,odisha,dengue,3758.0,3659.984130859375,5198.0
2019,odisha,malaria,39556.0,58049.60546875,66311.0
2019,puducherry,dengue,2030.0,509.003173828125,592.0
2019,puducherry,malaria,21.0,49.17548751831055,54.0
2019,puducherry,chikungunya,7084.0,2027.01416015625,2876.0
2019,punjab,dengue,10289.0,10382.21484375,14980.0
2019,punjab,malaria,1139.0,551.1132202148438,624.0
2019,punjab,chikungunya,372.0,626.6231079101562,736.0
2019,rajasthan,dengue,13706.0,6670.65380859375,9587.0
2019,rajasthan,malaria,3421.0,4985.3125,5728.0
2019,rajasthan,chikungunya,365.0,277.842529296875,254.0
2019,sikkim,dengue,444.00000000000006,316.11651611328125,320.0
2019,sikkim,malaria,7.0,5.660686016082764,6.0
2019,sikkim,chikungunya,1126.0,288.514892578125,384.0
2019,tamil_nadu,dengue,8527.0,3175.26220703125,4486.0
2019,tamil_nadu,malaria,2088.0,3280.972900390625,3758.0
2019,tamil_nadu,chikungunya,623.0,246.3458251953125,284.0
2019,telangana,dengue,13331.0,3244.853271484375,4592.0
2019,telangana,malaria,1711.0,1564.4654541015625,1792.0
2019,telangana,chikungunya,5352.0,1434.033935546875,1954.0
2019,tripura,dengue,114.0,159.89651489257812,100.0
2019,tripura,malaria,12437.0,11418.3798828125,13079.0
2019,tripura,chikungunya,1105.0,544.005859375,683.0
2019,uttar_pradesh,dengue,10557.0,2722.7314453125,3829.0
2019,uttar_pradesh,malaria,92732.0,75944.625,86486.0
2019,uttar_pradesh,chikungunya,72.0,113.08853149414062,58.0
2019,uttarakhand,dengue,10622.0,572.0454711914062,689.0
2019,uttarakhand,malaria,296.0,361.8398132324219,409.0
2019,uttarakhand,chikungunya,1.0,44.073524475097656,29.0
2019,west_bengal,dengue,47928.0,16132.8515625,23301.0
2019,west_bengal,malaria,25928.0,23086.45703125,26440.0
2020,andaman_and_nicobar_islands,dengue,98.0,260.3589172363281,168.0
2020,andaman_and_nicobar_islands,malaria,85.0,173.76673889160156,202.0
2020,andaman_and_nicobar_islands,chikungunya,610.0,583.18115234375,702.0
2020,andhra_pradesh,dengue,925.0,5311.93603515625,5286.0
2020,andhra_pradesh,malaria,2027.0,2637.262451171875,3104.0
2020,andhra_pradesh,chikungunya,318.0,704.3663330078125,832.0
2020,arunachal_pradesh,dengue,1.0,125.27925109863281,123.0
2020,arunachal_pradesh,malaria,33.0,122.80915832519531,139.0
2020,assam,dengue,33.0,425.5967102050781,196.0
2020,assam,malaria,484.0,1240.19140625,1459.0
2020,bihar,dengue,493.0,6522.19873046875,6712.0
2020,bihar,malaria,518.0,1366.987548828125,1608.0
2020,bihar,chikungunya,38.0,498.7847900390625,594.0
2020,chandigarh,dengue,265.0,589.8261108398438,286.0
2020,chandigarh,malaria,7.0,21.385211944580078,22.0
2020,chhattisgarh,dengue,57.0,1228.8651123046875,722.0
2020,chhattisgarh,malaria,36667.0,52447.40234375,60458.0
2020,chhattisgarh,chikungunya,0.0,0.0010173001792281866,0.0
2020,dadra_and_nagar_haveli_and_daman_and_diu,dengue,319.0,2257.47705078125,2116.0
2020,dadra_and_nagar_haveli_and_daman_and_diu,malaria,40.0,73.60888671875,81.0
2020,delhi,dengue,1269.0,5161.69677734375,5077.0
2020,delhi,malaria,135.0,612.468505859375,713.0
2020,delhi,chikungunya,126.0,464.5606384277344,520.0
2020,goa,dengue,376.0,1195.6778564453125,992.0
2020,goa,malaria,102.0,233.2718963623047,272.0
2020,goa,chikungunya,64.0,728.2080078125,867.0
2020,gujarat,dengue,1564.0,16826.041015625,18219.0
2020,gujarat,malaria,4771.0,11944.60546875,13883.000000000002
2020,gujarat,chikungunya,8120.0,6157.2548828125,8084.0
2020,haryana,dengue,1377.0,1666.933349609375,1207.0
2020,haryana,malaria,111.0,1271.0845947265625,1497.0
2020,himachal_pradesh,dengue,21.0,841.7151489257812,344.0
2020,himachal_pradesh,malaria,34.0,95.6050033569336,109.0
2020,jammu_and_kashmir,dengue,53.0,668.8072509765625,439.0
2020,jammu_and_kashmir,malaria,37.0,92.70464324951172,105.0
2020,jammu_and_kashmir,chikungunya,1.0,0.2025371789932251,0.0
2020,jharkhand,dengue,79.0,1125.7486572265625,825.0
2020,jharkhand,malaria,16653.0,32126.73046875,37133.0
2020,jharkhand,chikungunya,627.0,1405.796875,1691.0
2020,karnataka,dengue,3823.0,15408.6142578125,16986.0
2020,karnataka,malaria,1701.0000000000002,2992.849853515625,3499.0
2020,karnataka,chikungunya,16111.0,32486.2890625,43698.0
2020,kerala,dengue,4399.0,4710.00634765625,4652.0
2020,kerala,malaria,268.0,560.3050537109375,656.0
2020,kerala,chikungunya,2302.0,133.61541748046875,109.0
2020,ladakh,dengue,0.0,0.1468517780303955,0.0
2020,ladakh,malaria,0.0,-0.009195915423333645,0.0
2020,ladakh,chikungunya,0.0,0.0010173001792281866,0.0
2020,lakshadweep,dengue,0.0,0.1468517780303955,0.0
2020,lakshadweep,malaria,6.0,9.192052841186523,11.0
2020,madhya_pradesh,dengue,806.0,4384.6376953125,4189.0
2020,madhya_pradesh,malaria,6760.0,12164.0166015625,14147.0
2020,madhya_pradesh,chikungunya,1871.0,2171.9775390625,2749.0
2020,maharashtra,dengue,3356.0,13875.716796875,14907.0
2020,maharashtra,malaria,15215.0,7622.55615234375,8866.0
2020,maharashtra,chikungunya,4258.0,3969.308837890625,5158.0
2020,manipur,dengue,37.0,312.65057373046875,359.0
2020,manipur,malaria,36.0,14.566515922546387,16.0
2020,meghalaya,dengue,4.0,195.60977172851562,82.0
2020,meghalaya,malaria,2018.0,2218.591796875,2615.0
2020,meghalaya,chikungunya,3.0,137.53662109375,114.0
2020,mizoram,dengue,67.0,165.90478515625,42.0
2020,mizoram,malaria,7781.0,7404.28564453125,8543.0
2020,nagaland,dengue,1.0,61.41750717163086,8.0
2020,nagaland,malaria,12.0,21.65709686279297,20.0
2020,nagaland,chikungunya,0.0,0.0010173001792281866,0.0
2020,odisha,dengue,496.0,4001.2841796875,3758.0
2020,odisha,malaria,41739.0,34141.5,39556.0
2020,odisha,chikungunya,15.0,133.36460876464844,242.0
2020,puducherry,dengue,633.0,2142.5078125,2030.0
2020,puducherry,malaria,15.0,20.94731330871582,21.0
2020,puducherry,chikungunya,3980.0,5569.267578125,7084.0
2020,punjab,dengue,8435.0,9771.609375,10289.0
2020,punjab,malaria,109.0,979.6658325195312,1139.0
2020,punjab,chikungunya,25.0,360.13201904296875,372.0
2020,rajasthan,dengue,2023.0,12790.2939453125,13706.0
2020,rajasthan,malaria,1276.0,2917.771484375,3421.0
2020,rajasthan,chikungunya,1015.0,341.5437927246094,365.0
2020,sikkim,dengue,11.0,735.2008056640625,444.00000000000006
2020,sikkim,malaria,4.0,6.710880279541016,7.0
2020,sikkim,chikungunya,253.0,920.2283325195312,1126.0
2020,tamil_nadu,dengue,2410.0,8070.79296875,8527.0
2020,tamil_nadu,malaria,891.0,1779.41455078125,2088.0
2020,tamil_nadu,chikungunya,1461.0,533.9884643554688,623.0
2020,telangana,dengue,2173.0,12395.0927734375,13331.0
2020,telangana,malaria,870.0,1462.045166015625,1711.0
2020,telangana,chikungunya,364.0,4145.21533203125,5352.0
2020,tripura,dengue,24.0,289.10302734375,114.0
2020,tripura,malaria,3395.0,10802.23046875,12437.0
2020,tripura,chikungunya,454.0,915.90283203125,1105.0
2020,uttar_pradesh,dengue,3715.0,9988.62109375,10557.0
2020,uttar_pradesh,malaria,28668.0,81123.90625,92732.0
2020,uttar_pradesh,chikungunya,53.0,105.5367431640625,72.0
2020,uttarakhand,dengue,76.0,9452.546875,10622.0
2020,uttarakhand,malaria,15.0,254.74951171875,296.0
2020,west_bengal,dengue,5166.0,42489.21875,47928.0
2020,west_bengal,malaria,14049.0,22470.119140625,25928.0
2021,andaman_and_nicobar_islands,dengue,175.0,239.16188049316406,98.0
2021,andaman_and_nicobar_islands,malaria,27.0,72.51560974121094,85.0
2021,andaman_and_nicobar_islands,chikungunya,187.0,498.76336669921875,610.0
2021,andhra_pradesh,dengue,4760.0,1179.1976318359375,925.0
2021,andhra_pradesh,malaria,1315.0,1663.61376953125,2027.0
2021,andhra_pradesh,chikungunya,753.0,295.298583984375,318.0
2021,arunachal_pradesh,dengue,7.0,6.62471342086792,1.0
2021,arunachal_pradesh,malaria,8.0,29.804277420043945,33.0
2021,assam,dengue,103.0,119.38365173339844,33.0
2021,assam,malaria,162.0,392.7340087890625,484.0
2021,bihar,dengue,633.0,814.240478515625,493.0
2021,bihar,malaria,647.0,422.6884460449219,518.0
2021,bihar,chikungunya,40.0,76.10246276855469,38.0
2021,chandigarh,dengue,1596.0,440.36529541015625,265.0
2021,chandigarh,malaria,6.0,7.17524528503418,7.0
2021,chhattisgarh,dengue,1086.0,183.23968505859375,57.0
2021,chhattisgarh,malaria,29733.0,31357.83984375,36667.0
2021,chhattisgarh,chikungunya,0.0,-0.017588548362255096,0.0
2021,dadra_and_nagar_haveli_and_daman_and_diu,dengue,826.0,602.6448364257812,319.0
2021,dadra_and_nagar_haveli_and_daman_and_diu,malaria,54.0,35.162803649902344,40.0
2021,delhi,dengue,13089.0,1434.447265625,1269.0
2021,delhi,malaria,167.0,113.60963439941406,135.0
2021,delhi,chikungunya,112.0,156.14598083496094,126.0
2021,goa,dengue,649.0,632.365966796875,376.0
2021,goa,malaria,90.0,86.21635437011719,102.0
2021,goa,chikungunya,114.0,105.00401306152344,64.0
2021,gujarat,dengue,10983.0,1691.1446533203125,1564.0
2021,gujarat,malaria,4921.0,3957.343017578125,4771.0
2021,gujarat,chikungunya,32372.0,5504.28271484375,8120.0
2021,haryana,dengue,11835.0,1411.52783203125,1377.0
2021,haryana,malaria,54.0,93.79695892333984,111.0
2021,haryana,chikungunya,765.0,493.4534912109375,930.0
2021,himachal_pradesh,dengue,349.0,83.9708251953125,21.0
2021,himachal_pradesh,malaria,15.0,30.94623565673828,34.0
2021,jammu_and_kashmir,dengue,1709.0,174.6972198486328,53.0
2021,jammu_and_kashmir,malaria,31.0,33.15495300292969,37.0
2021,jammu_and_kashmir,chikungunya,7.0,1.2766296863555908,1.0
2021,jharkhand,dengue,220.0,235.1529998779297,79.0
2021,jharkhand,malaria,14198.0,14081.3583984375,16653.0
2021,jharkhand,chikungunya,1064.0,503.3179931640625,627.0
2021,karnataka,dengue,7393.0,3270.89111328125,3823.0
2021,karnataka,malaria,913.0,1392.798583984375,1701.0000000000002
2021,karnataka,chikungunya,40134.0,10880.951171875,16111.0
2021,kerala,dengue,3251.0,3613.07666015625,4399.0
2021,kerala,malaria,309.0,219.9237518310547,268.0
2021,kerala,chikungunya,3030.0,1608.88623046875,2302.0
2021,ladakh,dengue,0.0,0.14299440383911133,0.0
2021,ladakh,malaria,0.0,-0.035585079342126846,0.0
2021,ladakh,chikungunya,0.0,-0.017588548362255096,0.0
2021,lakshadweep,dengue,1.0,0.14299440383911133,0.0
2021,lakshadweep,malaria,1.0,5.9971022605896,6.0
2021,madhya_pradesh,dengue,15592.0,1074.9429931640625,806.0
2021,madhya_pradesh,malaria,3181.0,5639.4501953125,6760.0
2021,madhya_pradesh,chikungunya,3822.0,1335.7232666015625,1871.0
2021,maharashtra,dengue,203.0,2936.742919921875,3356.0
2021,maharashtra,malaria,19303.0,12888.552734375,15215.0
2021,manipur,dengue,129.0,130.30601501464844,37.0
2021,manipur,malaria,19.0,31.915508270263672,36.0
2021,meghalaya,dengue,12720.0,21.34861946105957,4.0
2021,meghalaya,malaria,491.0,1655.8641357421875,2018.0
2021,meghalaya,chikungunya,21680.0,11.549603462219238,3.0
2021,mizoram,dengue,83.0,146.73892211914062,67.0
2021,mizoram,malaria,8018.0,6536.1240234375,7781.0
2021,nagaland,dengue,24.0,5.2777419090271,1.0
2021,nagaland,malaria,8.0,11.256189346313477,12.0
2021,nagaland,chikungunya,0.0,-0.017588548362255096,0.0
2021,odisha,dengue,7548.0,800.1819458007812,496.0
2021,odisha,malaria,25503.0,35777.953125,41739.0
2021,puducherry,dengue,1625.0,902.4954223632812,633.0
2021,puducherry,malaria,5.0,13.907098770141602,15.0
2021,puducherry,chikungunya,7284.0,2752.236083984375,3980.0
2021,punjab,dengue,23389.0,6432.00146484375,8435.0
2021,punjab,malaria,71.0,92.9660873413086,109.0
2021,punjab,chikungunya,644.0,56.831809997558594,25.0
2021,rajasthan,dengue,20749.0,2008.517578125,2023.0
2021,rajasthan,malaria,925.0,1040.9827880859375,1276.0
2021,rajasthan,chikungunya,1157.0,768.82373046875,1015.0
2021,sikkim,dengue,243.0,50.792720794677734,11.0
2021,sikkim,malaria,4.0,4.112545967102051,4.0
2021,sikkim,chikungunya,457.0,252.40158081054688,253.0
2021,tamil_nadu,dengue,6039.0,2266.606201171875,2410.0
2021,tamil_nadu,malaria,772.0,725.26220703125,891.0
2021,tamil_nadu,chikungunya,3654.0,1074.0506591796875,1461.0
2021,telangana,dengue,349.0,2116.63330078125,2173.0
2021,telangana,malaria,874.0,710.9264526367188,870.0
2021,telangana,chikungunya,220.0,332.9608154296875,364.0
2021,tripura,dengue,7135.0,91.18711853027344,24.0
2021,tripura,malaria,10136.0,2803.082763671875,3395.0
2021,tripura,chikungunya,948.0,389.7383117675781,454.0
2021,uttar_pradesh,dengue,29750.0,3181.5234375,3715.0
2021,uttar_pradesh,malaria,13.0,24422.546875,28668.0
2021,uttar_pradesh,chikungunya,70.0,88.79835510253906,53.0
2021,uttarakhand,dengue,738.0,234.8516387939453,76.0
2021,uttarakhand,malaria,10792.0,15.928817749023438,15.0
2021,west_bengal,dengue,8264.0,4213.65087890625,5166.0
2021,west_bengal,malaria,28987.0,11856.166015625,14049.0
2021,west_bengal,chikungunya,154.0,234.10079956054688,391.0
2022,andaman_and_nicobar_islands,dengue,1080.0,255.53045654296875,175.0
2022,andaman_and_nicobar_islands,malaria,46.0,22.33087730407715,27.0
2022,andaman_and_nicobar_islands,chikungunya,65.0,213.66201782226562,187.0
2022,andhra_pradesh,dengue,6391.0,3487.39501953125,4760.0
2022,andhra_pradesh,malaria,2019.0,1078.08642578125,1315.0
2022,andhra_pradesh,chikungunya,1611.0,635.5471801757812,753.0
2022,arunachal_pradesh,dengue,102.0,17.8381404876709,7.0
2022,arunachal_pradesh,malaria,17.0,7.716494560241699,8.0
2022,assam,dengue,1826.0,134.33665466308594,103.0
2022,assam,malaria,280.0,127.004638671875,162.0
2022,bihar,dengue,13281.0,824.9196166992188,633.0
2022,bihar,malaria,539.0,521.2372436523438,647.0
2022,bihar,chikungunya,63.0,67.56700134277344,40.0
2022,chandigarh,dengue,910.0,1202.307373046875,1596.0
2022,chandigarh,malaria,1.0,5.474851131439209,6.0
2022,chandigarh,chikungunya,153.0,208.82211303710938,397.0
2022,chhattisgarh,dengue,2633.0,575.2003173828125,1086.0
2022,chhattisgarh,malaria,30028.0,25459.005859375,29733.0
2022,chhattisgarh,chikungunya,39.0,-0.004412909038364887,0.0
2022,dadra_and_nagar_haveli_and_daman_and_diu,dengue,913.0,814.4068603515625,826.0
2022,dadra_and_nagar_haveli_and_daman_and_diu,malaria,39.0,42.38462448120117,54.0
2022,delhi,dengue,10183.0,8629.6171875,13089.0
2022,delhi,malaria,173.0,129.62631225585938,167.0
2022,delhi,chikungunya,61.0,139.30740356445312,112.0
2022,goa,dengue,443.0,767.1036987304688,649.0
2022,goa,malaria,2.0,70.21477508544922,90.0
2022,goa,chikungunya,868.0,131.14732360839844,114.0
2022,gujarat,dengue,6744.0,7487.9765625,10983.0
2022,gujarat,malaria,4766.0,4123.54052734375,4921.0
2022,gujarat,chikungunya,20854.0,24191.5625,32372.0
2022,haryana,dengue,8996.0,8103.56005859375,11835.0
2022,haryana,malaria,50.0,41.3290901184082,54.0
2022,haryana,chikungunya,2425.0,559.2456665039062,765.0
2022,himachal_pradesh,dengue,3326.0,222.99911499023438,349.0
2022,himachal_pradesh,malaria,10.0,12.786724090576172,15.0
2022,jammu_and_kashmir,dengue,8269.0,816.7481689453125,1709.0
2022,jammu_and_kashmir,malaria,37.0,24.61244773864746,31.0
2022,jammu_and_kashmir,chikungunya,37.0,9.68902587890625,7.0
2022,jharkhand,dengue,290.0,246.01109313964844,220.0
2022,jharkhand,malaria,19129.0,12071.328125,14198.0
2022,jharkhand,chikungunya,2113.0,876.9902954101562,1064.0
2022,karnataka,dengue,9620.0,5715.05078125,7393.0
2022,karnataka,malaria,279.0,740.3033447265625,913.0
2022,karnataka,chikungunya,63549.0,29698.693359375,40134.0
2022,kerala,dengue,4432.0,3090.522216796875,3251.0
2022,kerala,malaria,439.0,245.6899871826172,309.0
2022,kerala,chikungunya,1511.0,2463.851806640625,3030.0
2022,ladakh,dengue,0.0,0.07568011432886124,0.0
2022,ladakh,malaria,0.0,-0.015396129339933395,0.0
2022,ladakh,chikungunya,0.0,-0.004412909038364887,0.0
2022,lakshadweep,dengue,70.0,1.3877103328704834,1.0
2022,lakshadweep,malaria,0.0,1.5772452354431152,1.0
2022,madhya_pradesh,dengue,3205.0,9558.8564453125,15592.0
2022,madhya_pradesh,malaria,3719.0,2640.600830078125,3181.0
2022,madhya_pradesh,chikungunya,4292.0,2967.7021484375,3822.0
2022,maharashtra,dengue,8560.0,714.263427734375,203.0
2022,maharashtra,malaria,15437.0,16597.9296875,19303.0
2022,manipur,dengue,503.0,151.0846710205078,129.0
2022,manipur,malaria,14.0,16.209369659423828,19.0
2022,meghalaya,dengue,26.0,4522.22607421875,12720.0
2022,meghalaya,malaria,463.0,394.41058349609375,491.0
2022,meghalaya,chikungunya,14569.0,8379.419921875,21680.0
2022,mizoram,dengue,1868.0,172.4226531982422,83.0
2022,mizoram,malaria,10222.0,6803.3173828125,8018.0
2022,nagaland,dengue,154.0,34.94321823120117,24.0
2022,nagaland,malaria,8.0,7.210365295410156,8.0
2022,nagaland,chikungunya,0.0,-0.004412909038364887,0.0
2022,odisha,dengue,7063.0,4609.4375,7548.0
2022,odisha,malaria,23770.0,21827.62109375,25503.0
2022,puducherry,dengue,1673.0,1495.432373046875,1625.0
2022,puducherry,chikungunya,11440.0,5551.47900390625,7284.0
2022,punjab,dengue,11038.0,16312.57421875,23389.0
2022,punjab,malaria,109.0,54.15740203857422,71.0
2022,punjab,chikungunya,1043.0,457.98052978515625,644.0
2022,rajasthan,dengue,13491.0,13591.8818359375,20749.0
2022,rajasthan,malaria,1026.0,749.4576416015625,925.0
2022,rajasthan,chikungunya,212.0,969.5347290039062,1157.0
2022,sikkim,dengue,260.0,165.36654663085938,243.0
2022,sikkim,malaria,6.0,3.814049243927002,4.0
2022,sikkim,chikungunya,1883.0,407.791015625,457.0
2022,tamil_nadu,dengue,6430.0,4707.81884765625,6039.0
2022,tamil_nadu,malaria,344.0,624.6644287109375,772.0
2022,tamil_nadu,chikungunya,181.0,2875.80078125,3654.0
2022,telangana,dengue,8972.0,874.2932739257812,349.0
2022,telangana,malaria,611.0,711.1641235351562,874.0
2022,telangana,chikungunya,6608.0,229.87179565429688,220.0
2022,tripura,dengue,55.0,2699.787109375,7135.0
2022,tripura,malaria,12771.0,8633.2802734375,10136.0
2022,tripura,chikungunya,919.0,787.0502319335938,948.0
2022,uttar_pradesh,dengue,19821.0,19733.814453125,29750.0
2022,uttar_pradesh,malaria,7039.0,19.02855110168457,13.0
2022,uttar_pradesh,chikungunya,200.0,96.93746185302734,70.0
2022,uttarakhand,dengue,2337.0,458.465576171875,738.0
2022,uttarakhand,malaria,19.0,9998.4580078125,10792.0
2022,uttarakhand,chikungunya,2000.0,4.169532299041748,3.0
2022,west_bengal,dengue,1753.0,6339.55517578125,8264.0
2022,west_bengal,malaria,40563.0,24933.41796875,28987.0
2022,west_bengal,chikungunya,1230.0,126.18097686767578,154.0
