state_id,disease,forecast_2023,last_year_2022
andaman_and_nicobar_islands,dengue,1080.0,1080.0
andaman_and_nicobar_islands,malaria,33.3,46.0
andaman_and_nicobar_islands,chikungunya,96.0,65.0
andhra_pradesh,dengue,5625.9,6391.0
andhra_pradesh,malaria,1471.0,2019.0
andhra_pradesh,chikungunya,964.5,1611.0
arunachal_pradesh,dengue,60.4,102.0
arunachal_pradesh,malaria,8.5,17.0
arunachal_pradesh,chikungunya,198.9,
assam,dengue,961.4,1826.0
assam,malaria,125.5,280.0
assam,chikungunya,23.7,
bihar,dengue,13281.0,13281.0
bihar,malaria,474.3,539.0
bihar,chikungunya,95.1,63.0
chandigarh,dengue,1486.0,910.0
chandigarh,malaria,0.4,1.0
chandigarh,chikungunya,139.8,153.0
chhattisgarh,dengue,2219.1,2633.0
chhattisgarh,malaria,24287.5,30028.0
chhattisgarh,chikungunya,28.7,39.0
dadra_and_nagar_haveli_and_daman_and_diu,dengue,1641.9,913.0
dadra_and_nagar_haveli_and_daman_and_diu,malaria,28.6,39.0
dadra_and_nagar_haveli_and_daman_and_diu,chikungunya,2.2,1.0
delhi,dengue,12028.8,10183.0
delhi,malaria,131.3,173.0
delhi,chikungunya,56.3,61.0
goa,dengue,746.5,443.0
goa,malaria,0.9,2.0
goa,chikungunya,1072.6,868.0
gujarat,dengue,10561.4,6744.0
gujarat,malaria,3544.8,4766.0
gujarat,chikungunya,20396.5,20854.0
haryana,dengue,10859.9,8996.0
haryana,malaria,23.3,50.0
haryana,chikungunya,1356.8,2425.0
himachal_pradesh,dengue,4635.6,3326.0
himachal_pradesh,malaria,7.5,10.0
himachal_pradesh,chikungunya,252.7,253.0
jammu_and_kashmir,dengue,8269.0,8269.0
jammu_and_kashmir,malaria,29.5,37.0
jammu_and_kashmir,chikungunya,37.0,37.0
jharkhand,dengue,421.9,290.0
jharkhand,malaria,15400.4,19129.0
jharkhand,chikungunya,2763.9,2113.0
karnataka,dengue,9761.5,9620.0
karnataka,malaria,157.1,279.0
karnataka,chikungunya,49850.9,63549.0
kerala,dengue,2574.2,4432.0
kerala,malaria,332.7,439.0
kerala,chikungunya,927.2,1511.0
ladakh,dengue,0.4,0.0
ladakh,malaria,0.0,0.0
ladakh,chikungunya,0.0,0.0
lakshadweep,dengue,38.2,70.0
lakshadweep,malaria,0.0,0.0
lakshadweep,chikungunya,65.8,107.0
madhya_pradesh,dengue,4924.9,3205.0
madhya_pradesh,malaria,2625.1,3719.0
madhya_pradesh,chikungunya,2558.0,4292.0
maharashtra,dengue,12142.2,8560.0
maharashtra,malaria,12099.9,15437.0
maharashtra,chikungunya,3897.3,
manipur,dengue,277.0,503.0
manipur,malaria,7.5,14.0
manipur,chikungunya,34.3,
meghalaya,dengue,18.7,26.0
meghalaya,malaria,295.6,463.0
meghalaya,chikungunya,4882.5,14569.0
mizoram,dengue,928.2,1868.0
mizoram,malaria,8698.4,10222.0
mizoram,chikungunya,163.8,195.0
nagaland,dengue,84.0,154.0
nagaland,malaria,3.9,8.0
nagaland,chikungunya,0.0,0.0
odisha,dengue,7181.9,7063.0
odisha,malaria,17808.8,23770.0
odisha,chikungunya,331.3,
puducherry,dengue,1184.7,1673.0
puducherry,malaria,46.4,
puducherry,chikungunya,6094.7,11440.0
punjab,dengue,21962.0,11038.0
punjab,malaria,76.7,109.0
punjab,chikungunya,880.9,1043.0
rajasthan,dengue,18864.7,13491.0
rajasthan,malaria,639.0,1026.0
rajasthan,chikungunya,157.6,212.0
sikkim,dengue,332.1,260.0
sikkim,malaria,4.4,6.0
sikkim,chikungunya,1883.0,1883.0
tamil_nadu,dengue,5791.0,6430.0
tamil_nadu,malaria,218.4,344.0
tamil_nadu,chikungunya,117.1,181.0
telangana,dengue,9669.4,8972.0
telangana,malaria,443.0,611.0
telangana,chikungunya,4294.8,6608.0
tripura,dengue,24.7,55.0
tripura,malaria,10410.0,12771.0
tripura,chikungunya,659.1,919.0
uttar_pradesh,dengue,25028.4,19821.0
uttar_pradesh,malaria,3649.9,7039.0
uttar_pradesh,chikungunya,130.6,200.0
uttarakhand,dengue,3544.0,2337.0
uttarakhand,malaria,12.8,19.0
uttarakhand,chikungunya,1604.9,2000.0
west_bengal,dengue,3087.0,1753.0
west_bengal,malaria,30364.0,40563.0
west_bengal,chikungunya,1802.8,1230.0
