state_id,disease,year,horizon,forecast,persistence,confidence,notes,n_years_observed
andaman_and_nicobar_islands,dengue,2023,1,1080,1080.0,low,capped_at_historical_max,10
andaman_and_nicobar_islands,malaria,2023,1,33,46.0,normal,,22
andaman_and_nicobar_islands,chikungunya,2023,1,96,65.0,normal,,14
andhra_pradesh,dengue,2023,1,5626,6391.0,low,capped_at_historical_max,20
andhra_pradesh,malaria,2023,1,1471,2019.0,normal,,22
andhra_pradesh,chikungunya,2023,1,964,1611.0,normal,,17
arunachal_pradesh,dengue,2023,1,60,102.0,low,short_history,7
arunachal_pradesh,malaria,2023,1,9,17.0,normal,,22
arunachal_pradesh,chikungunya,2023,1,199,,low,no_last_year_value;short_history,5
assam,dengue,2023,1,961,1826.0,normal,,9
assam,malaria,2023,1,125,280.0,normal,,22
assam,chikungunya,2023,1,24,,low,no_last_year_value;short_history,5
bihar,dengue,2023,1,13281,13281.0,low,capped_at_historical_max,14
bihar,malaria,2023,1,474,539.0,normal,,22
bihar,chikungunya,2023,1,95,63.0,normal,,10
chandigarh,dengue,2023,1,1486,910.0,low,capped_at_historical_max,16
chandigarh,malaria,2023,1,0,1.0,normal,,22
chandigarh,chikungunya,2023,1,140,153.0,normal,,10
chhattisgarh,dengue,2023,1,2219,2633.0,low,capped_at_historical_max,11
chhattisgarh,malaria,2023,1,24287,30028.0,normal,,22
chhattisgarh,chikungunya,2023,1,29,39.0,normal,,14
dadra_and_nagar_haveli_and_daman_and_diu,dengue,2023,1,1642,913.0,normal,,11
dadra_and_nagar_haveli_and_daman_and_diu,malaria,2023,1,29,39.0,normal,,22
dadra_and_nagar_haveli_and_daman_and_diu,chikungunya,2023,1,2,1.0,low,short_history,4
delhi,dengue,2023,1,12029,10183.0,low,capped_at_historical_max,21
delhi,malaria,2023,1,131,173.0,normal,,22
delhi,chikungunya,2023,1,56,61.0,normal,,16
goa,dengue,2023,1,746,443.0,normal,,18
goa,malaria,2023,1,1,2.0,normal,,22
goa,chikungunya,2023,1,1073,868.0,normal,,17
gujarat,dengue,2023,1,10561,6744.0,normal,,21
gujarat,malaria,2023,1,3545,4766.0,normal,,22
gujarat,chikungunya,2023,1,20396,20854.0,normal,,17
haryana,dengue,2023,1,10860,8996.0,low,capped_at_historical_max,21
haryana,malaria,2023,1,23,50.0,normal,,22
haryana,chikungunya,2023,1,1357,2425.0,normal,,15
himachal_pradesh,dengue,2023,1,4636,3326.0,low,capped_at_historical_max,9
himachal_pradesh,malaria,2023,1,8,10.0,normal,,22
himachal_pradesh,chikungunya,2023,1,253,253.0,low,short_history;capped_at_historical_max,1
jammu_and_kashmir,dengue,2023,1,8269,8269.0,low,capped_at_historical_max,11
jammu_and_kashmir,malaria,2023,1,29,37.0,normal,,22
jammu_and_kashmir,chikungunya,2023,1,37,37.0,low,capped_at_historical_max,13
jharkhand,dengue,2023,1,422,290.0,normal,,10
jharkhand,malaria,2023,1,15400,19129.0,normal,,22
jharkhand,chikungunya,2023,1,2764,2113.0,normal,,12
karnataka,dengue,2023,1,9761,9620.0,normal,,21
karnataka,malaria,2023,1,157,279.0,normal,,22
karnataka,chikungunya,2023,1,49851,63549.0,normal,,17
kerala,dengue,2023,1,2574,4432.0,normal,,19
kerala,malaria,2023,1,333,439.0,normal,,22
kerala,chikungunya,2023,1,927,1511.0,normal,,17
ladakh,dengue,2023,1,0,0.0,normal,,15
ladakh,malaria,2023,1,0,0.0,normal,,22
ladakh,chikungunya,2023,1,0,0.0,normal,,13
lakshadweep,dengue,2023,1,38,70.0,normal,,10
lakshadweep,malaria,2023,1,0,0.0,normal,,22
lakshadweep,chikungunya,2023,1,66,107.0,low,short_history,3
madhya_pradesh,dengue,2023,1,4925,3205.0,normal,,14
madhya_pradesh,malaria,2023,1,2625,3719.0,normal,,22
madhya_pradesh,chikungunya,2023,1,2558,4292.0,normal,,15
maharashtra,dengue,2023,1,12142,8560.0,normal,,21
maharashtra,malaria,2023,1,12100,15437.0,normal,,22
maharashtra,chikungunya,2023,1,3897,,low,no_last_year_value,15
manipur,dengue,2023,1,277,503.0,normal,,11
manipur,malaria,2023,1,7,14.0,normal,,22
manipur,chikungunya,2023,1,34,,low,no_last_year_value;short_history,3
meghalaya,dengue,2023,1,19,26.0,normal,,9
meghalaya,malaria,2023,1,296,463.0,normal,,22
meghalaya,chikungunya,2023,1,4883,14569.0,normal,,9
mizoram,dengue,2023,1,928,1868.0,normal,,8
mizoram,malaria,2023,1,8698,10222.0,normal,,22
mizoram,chikungunya,2023,1,164,195.0,low,short_history,3
nagaland,dengue,2023,1,84,154.0,normal,,8
nagaland,malaria,2023,1,4,8.0,normal,,22
nagaland,chikungunya,2023,1,0,0.0,low,capped_at_historical_max,13
odisha,dengue,2023,1,7182,7063.0,low,capped_at_historical_max,12
odisha,malaria,2023,1,17809,23770.0,normal,,22
odisha,chikungunya,2023,1,331,,low,no_last_year_value,13
puducherry,dengue,2023,1,1185,1673.0,normal,,14
puducherry,malaria,2023,1,46,,low,no_last_year_value,21
puducherry,chikungunya,2023,1,6095,11440.0,normal,,14
punjab,dengue,2023,1,21962,11038.0,low,capped_at_historical_max,21
punjab,malaria,2023,1,77,109.0,normal,,22
punjab,chikungunya,2023,1,881,1043.0,normal,,11
rajasthan,dengue,2023,1,18865,13491.0,low,capped_at_historical_max,20
rajasthan,malaria,2023,1,639,1026.0,normal,,22
rajasthan,chikungunya,2023,1,158,212.0,normal,,17
sikkim,dengue,2023,1,332,260.0,normal,,10
sikkim,malaria,2023,1,4,6.0,normal,,22
sikkim,chikungunya,2023,1,1883,1883.0,low,short_history;capped_at_historical_max,7
tamil_nadu,dengue,2023,1,5791,6430.0,normal,,21
tamil_nadu,malaria,2023,1,218,344.0,normal,,22
tamil_nadu,chikungunya,2023,1,117,181.0,normal,,17
telangana,dengue,2023,1,9669,8972.0,normal,,16
telangana,malaria,2023,1,443,611.0,normal,,19
telangana,chikungunya,2023,1,4295,6608.0,normal,,13
tripura,dengue,2023,1,25,55.0,normal,,8
tripura,malaria,2023,1,10410,12771.0,normal,,22
tripura,chikungunya,2023,1,659,919.0,normal,,9
uttar_pradesh,dengue,2023,1,25028,19821.0,low,capped_at_historical_max,19
uttar_pradesh,malaria,2023,1,3650,7039.0,normal,,22
uttar_pradesh,chikungunya,2023,1,131,200.0,normal,,14
uttarakhand,dengue,2023,1,3544,2337.0,normal,,11
uttarakhand,malaria,2023,1,13,19.0,normal,,22
uttarakhand,chikungunya,2023,1,1605,2000.0,low,short_history,6
west_bengal,dengue,2023,1,3087,1753.0,normal,,16
west_bengal,malaria,2023,1,30364,40563.0,normal,,22
west_bengal,chikungunya,2023,1,1803,1230.0,normal,,16
andaman_and_nicobar_islands,dengue,2024,2,1062,1080.0,normal,,10
andaman_and_nicobar_islands,malaria,2024,2,22,46.0,normal,,22
andaman_and_nicobar_islands,chikungunya,2024,2,91,65.0,normal,,14
andhra_pradesh,dengue,2024,2,5750,6391.0,low,capped_at_historical_max,20
andhra_pradesh,malaria,2024,2,1244,2019.0,normal,,22
andhra_pradesh,chikungunya,2024,2,1573,1611.0,normal,,17
arunachal_pradesh,dengue,2024,2,74,102.0,low,short_history,7
arunachal_pradesh,malaria,2024,2,4,17.0,normal,,22
arunachal_pradesh,chikungunya,2024,2,187,,low,no_last_year_value;short_history,5
assam,dengue,2024,2,1085,1826.0,normal,,9
assam,malaria,2024,2,104,280.0,normal,,22
assam,chikungunya,2024,2,17,,low,no_last_year_value;short_history,5
bihar,dengue,2024,2,12044,13281.0,low,capped_at_historical_max,14
bihar,malaria,2024,2,392,539.0,normal,,22
bihar,chikungunya,2024,2,79,63.0,normal,,10
chandigarh,dengue,2024,2,791,910.0,normal,,16
chandigarh,malaria,2024,2,0,1.0,normal,,22
chandigarh,chikungunya,2024,2,212,153.0,normal,,10
chhattisgarh,dengue,2024,2,2103,2633.0,normal,,11
chhattisgarh,malaria,2024,2,21942,30028.0,normal,,22
chhattisgarh,chikungunya,2024,2,32,39.0,normal,,14
dadra_and_nagar_haveli_and_daman_and_diu,dengue,2024,2,802,913.0,normal,,11
dadra_and_nagar_haveli_and_daman_and_diu,malaria,2024,2,17,39.0,normal,,22
dadra_and_nagar_haveli_and_daman_and_diu,chikungunya,2024,2,2,1.0,low,short_history,4
delhi,dengue,2024,2,9127,10183.0,normal,,21
delhi,malaria,2024,2,106,173.0,normal,,22
delhi,chikungunya,2024,2,68,61.0,normal,,16
goa,dengue,2024,2,443,443.0,normal,,18
goa,malaria,2024,2,0,2.0,normal,,22
goa,chikungunya,2024,2,1036,868.0,normal,,17
gujarat,dengue,2024,2,5370,6744.0,normal,,21
gujarat,malaria,2024,2,2794,4766.0,normal,,22
gujarat,chikungunya,2024,2,24273,20854.0,normal,,17
haryana,dengue,2024,2,6782,8996.0,normal,,21
haryana,malaria,2024,2,18,50.0,normal,,22
haryana,chikungunya,2024,2,2722,2425.0,normal,,15
himachal_pradesh,dengue,2024,2,2713,3326.0,normal,,9
himachal_pradesh,malaria,2024,2,6,10.0,normal,,22
himachal_pradesh,chikungunya,2024,2,251,253.0,low,short_history,1
jammu_and_kashmir,dengue,2024,2,6005,8269.0,normal,,11
jammu_and_kashmir,malaria,2024,2,23,37.0,normal,,22
jammu_and_kashmir,chikungunya,2024,2,31,37.0,normal,,13
jharkhand,dengue,2024,2,306,290.0,normal,,10
jharkhand,malaria,2024,2,12599,19129.0,normal,,22
jharkhand,chikungunya,2024,2,2427,2113.0,normal,,12
karnataka,dengue,2024,2,8203,9620.0,normal,,21
karnataka,malaria,2024,2,121,279.0,normal,,22
karnataka,chikungunya,2024,2,71250,63549.0,normal,,17
kerala,dengue,2024,2,3299,4432.0,normal,,19
kerala,malaria,2024,2,305,439.0,normal,,22
kerala,chikungunya,2024,2,2525,1511.0,normal,,17
ladakh,dengue,2024,2,0,0.0,normal,,15
ladakh,malaria,2024,2,0,0.0,normal,,22
ladakh,chikungunya,2024,2,0,0.0,normal,,13
lakshadweep,dengue,2024,2,48,70.0,normal,,10
lakshadweep,malaria,2024,2,0,0.0,normal,,22
lakshadweep,chikungunya,2024,2,170,107.0,low,short_history,3
madhya_pradesh,dengue,2024,2,2383,3205.0,normal,,14
madhya_pradesh,malaria,2024,2,2140,3719.0,normal,,22
madhya_pradesh,chikungunya,2024,2,4144,4292.0,normal,,15
maharashtra,dengue,2024,2,7481,8560.0,normal,,21
maharashtra,malaria,2024,2,10462,15437.0,normal,,22
maharashtra,chikungunya,2024,2,4300,,low,no_last_year_value,15
manipur,dengue,2024,2,318,503.0,normal,,11
manipur,malaria,2024,2,6,14.0,normal,,22
manipur,chikungunya,2024,2,27,,low,no_last_year_value;short_history,3
meghalaya,dengue,2024,2,19,26.0,normal,,9
meghalaya,malaria,2024,2,319,463.0,normal,,22
meghalaya,chikungunya,2024,2,5697,14569.0,normal,,9
mizoram,dengue,2024,2,1173,1868.0,normal,,8
mizoram,malaria,2024,2,8571,10222.0,normal,,22
mizoram,chikungunya,2024,2,155,195.0,low,short_history,3
nagaland,dengue,2024,2,105,154.0,normal,,8
nagaland,malaria,2024,2,2,8.0,normal,,22
nagaland,chikungunya,2024,2,0,0.0,normal,,13
odisha,dengue,2024,2,6636,7063.0,low,capped_at_historical_max,12
odisha,malaria,2024,2,14205,23770.0,normal,,22
odisha,chikungunya,2024,2,302,,low,no_last_year_value,13
puducherry,dengue,2024,2,1423,1673.0,normal,,14
puducherry,malaria,2024,2,40,,low,no_last_year_value,21
puducherry,chikungunya,2024,2,10152,11440.0,low,capped_at_historical_max,14
punjab,dengue,2024,2,10877,11038.0,normal,,21
punjab,malaria,2024,2,63,109.0,normal,,22
punjab,chikungunya,2024,2,1524,1043.0,normal,,11
rajasthan,dengue,2024,2,10751,13491.0,normal,,20
rajasthan,malaria,2024,2,488,1026.0,normal,,22
rajasthan,chikungunya,2024,2,246,212.0,normal,,17
sikkim,dengue,2024,2,339,260.0,normal,,10
sikkim,malaria,2024,2,3,6.0,normal,,22
sikkim,chikungunya,2024,2,1692,1883.0,low,short_history;capped_at_historical_max,7
tamil_nadu,dengue,2024,2,5892,6430.0,normal,,21
tamil_nadu,malaria,2024,2,172,344.0,normal,,22
tamil_nadu,chikungunya,2024,2,209,181.0,normal,,17
telangana,dengue,2024,2,7437,8972.0,normal,,16
telangana,malaria,2024,2,353,611.0,normal,,19
telangana,chikungunya,2024,2,6054,6608.0,normal,,13
tripura,dengue,2024,2,35,55.0,normal,,8
tripura,malaria,2024,2,10522,12771.0,normal,,22
tripura,chikungunya,2024,2,643,919.0,normal,,9
uttar_pradesh,dengue,2024,2,17893,19821.0,normal,,19
uttar_pradesh,malaria,2024,2,2803,7039.0,normal,,22
uttar_pradesh,chikungunya,2024,2,209,200.0,normal,,14
uttarakhand,dengue,2024,2,1810,2337.0,normal,,11
uttarakhand,malaria,2024,2,10,19.0,normal,,22
uttarakhand,chikungunya,2024,2,1443,2000.0,low,short_history,6
west_bengal,dengue,2024,2,2158,1753.0,normal,,16
west_bengal,malaria,2024,2,25915,40563.0,normal,,22
west_bengal,chikungunya,2024,2,1563,1230.0,normal,,16
andaman_and_nicobar_islands,dengue,2025,3,1080,1080.0,low,capped_at_historical_max,10
andaman_and_nicobar_islands,malaria,2025,3,22,46.0,normal,,22
andaman_and_nicobar_islands,chikungunya,2025,3,94,65.0,normal,,14
andhra_pradesh,dengue,2025,3,6149,6391.0,normal,,20
andhra_pradesh,malaria,2025,3,1235,2019.0,normal,,22
andhra_pradesh,chikungunya,2025,3,1044,1611.0,normal,,17
arunachal_pradesh,dengue,2025,3,97,102.0,low,short_history,7
arunachal_pradesh,malaria,2025,3,11,17.0,normal,,22
arunachal_pradesh,chikungunya,2025,3,158,,low,no_last_year_value;short_history,5
assam,dengue,2025,3,1871,1826.0,normal,,9
assam,malaria,2025,3,111,280.0,normal,,22
assam,chikungunya,2025,3,15,,low,no_last_year_value;short_history,5
bihar,dengue,2025,3,13051,13281.0,low,capped_at_historical_max,14
bihar,malaria,2025,3,389,539.0,normal,,22
bihar,chikungunya,2025,3,60,63.0,normal,,10
chandigarh,dengue,2025,3,986,910.0,normal,,16
chandigarh,malaria,2025,3,0,1.0,normal,,22
chandigarh,chikungunya,2025,3,128,153.0,normal,,10
chhattisgarh,dengue,2025,3,2586,2633.0,normal,,11
chhattisgarh,malaria,2025,3,21706,30028.0,normal,,22
chhattisgarh,chikungunya,2025,3,29,39.0,normal,,14
dadra_and_nagar_haveli_and_daman_and_diu,dengue,2025,3,1008,913.0,normal,,11
dadra_and_nagar_haveli_and_daman_and_diu,malaria,2025,3,19,39.0,normal,,22
dadra_and_nagar_haveli_and_daman_and_diu,chikungunya,2025,3,1,1.0,low,short_history,4
delhi,dengue,2025,3,10989,10183.0,normal,,21
delhi,malaria,2025,3,103,173.0,normal,,22
delhi,chikungunya,2025,3,48,61.0,normal,,16
goa,dengue,2025,3,547,443.0,normal,,18
goa,malaria,2025,3,0,2.0,normal,,22
goa,chikungunya,2025,3,908,868.0,normal,,17
gujarat,dengue,2025,3,7200,6744.0,normal,,21
gujarat,malaria,2025,3,2828,4766.0,normal,,22
gujarat,chikungunya,2025,3,17505,20854.0,normal,,17
haryana,dengue,2025,3,10521,8996.0,normal,,21
haryana,malaria,2025,3,17,50.0,normal,,22
haryana,chikungunya,2025,3,2150,2425.0,normal,,15
himachal_pradesh,dengue,2025,3,4165,3326.0,low,capped_at_historical_max,9
himachal_pradesh,malaria,2025,3,6,10.0,normal,,22
himachal_pradesh,chikungunya,2025,3,250,253.0,low,short_history,1
jammu_and_kashmir,dengue,2025,3,8097,8269.0,low,capped_at_historical_max,11
jammu_and_kashmir,malaria,2025,3,23,37.0,normal,,22
jammu_and_kashmir,chikungunya,2025,3,29,37.0,normal,,13
jharkhand,dengue,2025,3,319,290.0,normal,,10
jharkhand,malaria,2025,3,12500,19129.0,normal,,22
jharkhand,chikungunya,2025,3,1735,2113.0,normal,,12
karnataka,dengue,2025,3,10787,9620.0,normal,,21
karnataka,malaria,2025,3,120,279.0,normal,,22
karnataka,chikungunya,2025,3,50367,63549.0,normal,,17
kerala,dengue,2025,3,4953,4432.0,normal,,19
kerala,malaria,2025,3,305,439.0,normal,,22
kerala,chikungunya,2025,3,1727,1511.0,normal,,17
ladakh,dengue,2025,3,0,0.0,normal,,15
ladakh,malaria,2025,3,0,0.0,normal,,22
ladakh,chikungunya,2025,3,0,0.0,normal,,13
lakshadweep,dengue,2025,3,69,70.0,low,capped_at_historical_max,10
lakshadweep,malaria,2025,3,0,0.0,normal,,22
lakshadweep,chikungunya,2025,3,127,107.0,low,short_history,3
madhya_pradesh,dengue,2025,3,3594,3205.0,normal,,14
madhya_pradesh,malaria,2025,3,2104,3719.0,normal,,22
madhya_pradesh,chikungunya,2025,3,2731,4292.0,normal,,15
maharashtra,dengue,2025,3,9562,8560.0,normal,,21
maharashtra,malaria,2025,3,10466,15437.0,normal,,22
maharashtra,chikungunya,2025,3,2847,,low,no_last_year_value,15
manipur,dengue,2025,3,483,503.0,normal,,11
manipur,malaria,2025,3,7,14.0,normal,,22
manipur,chikungunya,2025,3,23,,low,no_last_year_value;short_history,3
meghalaya,dengue,2025,3,27,26.0,normal,,9
meghalaya,malaria,2025,3,305,463.0,normal,,22
meghalaya,chikungunya,2025,3,6542,14569.0,normal,,9
mizoram,dengue,2025,3,1816,1868.0,normal,,8
mizoram,malaria,2025,3,8357,10222.0,normal,,22
mizoram,chikungunya,2025,3,154,195.0,low,short_history,3
nagaland,dengue,2025,3,148,154.0,normal,,8
nagaland,malaria,2025,3,4,8.0,normal,,22
nagaland,chikungunya,2025,3,0,0.0,normal,,13
odisha,dengue,2025,3,7409,7063.0,low,capped_at_historical_max,12
odisha,malaria,2025,3,14122,23770.0,normal,,22
odisha,chikungunya,2025,3,230,,low,no_last_year_value,13
puducherry,dengue,2025,3,1786,1673.0,normal,,14
puducherry,malaria,2025,3,40,,low,no_last_year_value,21
puducherry,chikungunya,2025,3,7945,11440.0,normal,,14
punjab,dengue,2025,3,14504,11038.0,normal,,21
punjab,malaria,2025,3,62,109.0,normal,,22
punjab,chikungunya,2025,3,1228,1043.0,normal,,11
rajasthan,dengue,2025,3,15249,13491.0,normal,,20
rajasthan,malaria,2025,3,477,1026.0,normal,,22
rajasthan,chikungunya,2025,3,165,212.0,normal,,17
sikkim,dengue,2025,3,367,260.0,normal,,10
sikkim,malaria,2025,3,3,6.0,normal,,22
sikkim,chikungunya,2025,3,1771,1883.0,low,short_history,7
tamil_nadu,dengue,2025,3,6895,6430.0,normal,,21
tamil_nadu,malaria,2025,3,171,344.0,normal,,22
tamil_nadu,chikungunya,2025,3,142,181.0,normal,,17
telangana,dengue,2025,3,10029,8972.0,normal,,16
telangana,malaria,2025,3,345,611.0,normal,,19
telangana,chikungunya,2025,3,3727,6608.0,normal,,13
tripura,dengue,2025,3,59,55.0,normal,,8
tripura,malaria,2025,3,9891,12771.0,normal,,22
tripura,chikungunya,2025,3,647,919.0,normal,,9
uttar_pradesh,dengue,2025,3,24139,19821.0,normal,,19
uttar_pradesh,malaria,2025,3,2758,7039.0,normal,,22
uttar_pradesh,chikungunya,2025,3,156,200.0,normal,,14
uttarakhand,dengue,2025,3,2599,2337.0,normal,,11
uttarakhand,malaria,2025,3,9,19.0,normal,,22
uttarakhand,chikungunya,2025,3,1262,2000.0,low,short_history,6
west_bengal,dengue,2025,3,2615,1753.0,normal,,16
west_bengal,malaria,2025,3,25783,40563.0,normal,,22
west_bengal,chikungunya,2025,3,1655,1230.0,normal,,16
