state_id,disease,mae,rmse,model
andaman_and_nicobar_islands,dengue,39.772263248485444,68.12951441780082,gcn_res_cap025
andaman_and_nicobar_islands,malaria,2.959418996395262,4.044352083140502,gcn_res_cap025
andaman_and_nicobar_islands,chikungunya,21.547159931380907,31.8245993532063,gcn_res_cap025
andhra_pradesh,dengue,159.96383100583398,273.12333727952927,gcn_res_cap025
andhra_pradesh,malaria,56.04544200557729,75.56157049011719,gcn_res_cap025
andhra_pradesh,chikungunya,56.440450217842404,76.56242486213554,gcn_res_cap025
arunachal_pradesh,dengue,4.036467795418564,7.093487723459019,gcn_res_cap025
arunachal_pradesh,malaria,1.2506343023288922,1.6612593744575783,gcn_res_cap025
arunachal_pradesh,chikungunya,0.0,0.0,gcn_res_cap025
assam,dengue,71.76084222906255,127.41473603330611,gcn_res_cap025
assam,malaria,15.412188357955605,20.144837579103502,gcn_res_cap025
assam,chikungunya,0.14169556727601876,0.19642212965493838,gcn_res_cap025
bihar,dengue,518.9539403097668,946.9411025672072,gcn_res_cap025
bihar,malaria,9.279916528628634,13.66070793891726,gcn_res_cap025
bihar,chikungunya,1.197688611691228,1.8918106203560279,gcn_res_cap025
chandigarh,dengue,79.58218417569016,105.97355559243464,gcn_res_cap025
chandigarh,malaria,0.16789222424559733,0.2895970110051412,gcn_res_cap025
chandigarh,chikungunya,26.099044684988726,34.87940927741959,gcn_res_cap025
chhattisgarh,dengue,91.30732034801112,118.29392658800006,gcn_res_cap025
chhattisgarh,malaria,286.8225377165817,372.9264215702385,gcn_res_cap025
chhattisgarh,chikungunya,1.6249999900658925,2.9658809686742917,gcn_res_cap025
dadra_and_nagar_haveli_and_daman_and_diu,dengue,22.67389482583157,34.07504117060375,gcn_res_cap025
dadra_and_nagar_haveli_and_daman_and_diu,malaria,1.1179503861487028,1.6068496639960321,gcn_res_cap025
dadra_and_nagar_haveli_and_daman_and_diu,chikungunya,0.04166666713232795,0.07604823157008607,gcn_res_cap025
delhi,dengue,601.603252922358,901.1504181068359,gcn_res_cap025
delhi,malaria,2.954707770827041,3.961326628936834,gcn_res_cap025
delhi,chikungunya,2.2952234028777228,3.6341520828148606,gcn_res_cap025
goa,dengue,22.07994361211752,29.104308720704246,gcn_res_cap025
goa,malaria,3.205440791656907,5.715885299862645,gcn_res_cap025
goa,chikungunya,33.72526035131869,57.70922930211707,gcn_res_cap025
gujarat,dengue,688.0903261155394,891.8676392221266,gcn_res_cap025
gujarat,malaria,49.28284644073576,65.35234969902467,gcn_res_cap025
gujarat,chikungunya,1449.4008254592147,2026.4241786267041,gcn_res_cap025
haryana,dengue,593.9539223127371,820.551159889772,gcn_res_cap025
haryana,malaria,1.7667483057245363,2.6328130925031816,gcn_res_cap025
haryana,chikungunya,75.3283757198318,129.53158095081773,gcn_res_cap025
himachal_pradesh,dengue,131.7382076694461,217.707752029886,gcn_res_cap025
himachal_pradesh,malaria,0.7045700691626937,1.1675055330572397,gcn_res_cap025
himachal_pradesh,chikungunya,10.541666666666666,19.240202359222863,gcn_res_cap025
jammu_and_kashmir,dengue,325.9290105393774,489.98233338068434,gcn_res_cap025
jammu_and_kashmir,malaria,0.5188579206816352,0.8062677879999715,gcn_res_cap025
jammu_and_kashmir,chikungunya,1.6900605900519228,2.7352180051863817,gcn_res_cap025
jharkhand,dengue,5.510348500459393,9.286757020526252,gcn_res_cap025
jharkhand,malaria,302.1957087335514,501.5397401554681,gcn_res_cap025
jharkhand,chikungunya,65.36038026024016,90.71343430554688,gcn_res_cap025
karnataka,dengue,110.79307946479953,177.733717451493,gcn_res_cap025
karnataka,malaria,39.616119418135696,51.12158492593947,gcn_res_cap025
karnataka,chikungunya,2109.612511757942,2721.139981666273,gcn_res_cap025
kerala,dengue,136.2114752412525,235.3108456885179,gcn_res_cap025
kerala,malaria,10.432860037022769,14.327461232151675,gcn_res_cap025
kerala,chikungunya,90.89335843208151,118.50686808948525,gcn_res_cap025
ladakh,dengue,0.04661535952335529,0.04691377237044838,gcn_res_cap025
ladakh,malaria,0.0,0.0,gcn_res_cap025
ladakh,chikungunya,0.0,0.0,gcn_res_cap025
lakshadweep,dengue,2.9583333337989948,5.323919316050835,gcn_res_cap025
lakshadweep,malaria,0.20178933223765086,0.3430193008464581,gcn_res_cap025
lakshadweep,chikungunya,4.458333412806193,8.137160809574697,gcn_res_cap025
madhya_pradesh,dengue,882.779627875548,1179.7359359088302,gcn_res_cap025
madhya_pradesh,malaria,155.11122427466117,223.51377051762714,gcn_res_cap025
madhya_pradesh,chikungunya,115.216430701802,166.45725039725653,gcn_res_cap025
maharashtra,dengue,519.5716848195345,706.1054403099831,gcn_res_cap025
maharashtra,malaria,301.42393839833954,470.8812403548005,gcn_res_cap025
maharashtra,chikungunya,165.79955387759347,302.75457583043027,gcn_res_cap025
manipur,dengue,18.163436186719625,27.55961612084071,gcn_res_cap025
manipur,malaria,0.4741935511269413,0.8207144554921247,gcn_res_cap025
manipur,chikungunya,0.0,0.0,gcn_res_cap025
meghalaya,dengue,537.7058880454224,967.0112863770561,gcn_res_cap025
meghalaya,malaria,55.22512766220228,99.40098690081895,gcn_res_cap025
meghalaya,chikungunya,1470.6685469241518,1962.6884330384798,gcn_res_cap025
mizoram,dengue,74.1229894423568,134.87737741566957,gcn_res_cap025
mizoram,malaria,162.23352557660414,234.93679847197888,gcn_res_cap025
mizoram,chikungunya,9.50537087046809,15.043150458428876,gcn_res_cap025
nagaland,dengue,6.0571860956738535,9.6539173288702,gcn_res_cap025
nagaland,malaria,0.1941196876927932,0.22790214821636476,gcn_res_cap025
nagaland,chikungunya,0.0,0.0,gcn_res_cap025
odisha,dengue,380.7636718297028,543.6370166300243,gcn_res_cap025
odisha,malaria,537.2536623262839,868.48195856912,gcn_res_cap025
odisha,chikungunya,0.5570003939365299,1.040278717361635,gcn_res_cap025
puducherry,dengue,54.12877954596951,70.9695602644726,gcn_res_cap025
puducherry,malaria,0.469457526301845,0.6871795185732675,gcn_res_cap025
puducherry,chikungunya,337.6316955039753,438.93522020065717,gcn_res_cap025
punjab,dengue,1027.8319150279656,1230.3907221148665,gcn_res_cap025
punjab,malaria,2.998823653701914,4.099901938466635,gcn_res_cap025
punjab,chikungunya,44.00360529263497,57.62584486910402,gcn_res_cap025
rajasthan,dengue,1047.6839948667603,1459.987944659159,gcn_res_cap025
rajasthan,malaria,16.93698066025973,22.435276710991975,gcn_res_cap025
rajasthan,chikungunya,45.4138271580452,69.78057862153005,gcn_res_cap025
sikkim,dengue,10.22025680810003,17.507657397606437,gcn_res_cap025
sikkim,malaria,0.1688606657656868,0.2178206132652335,gcn_res_cap025
sikkim,chikungunya,68.85614901451589,110.68416742832781,gcn_res_cap025
tamil_nadu,dengue,175.95740616654317,246.12732346092616,gcn_res_cap025
tamil_nadu,malaria,13.49818831831699,23.792584254220323,gcn_res_cap025
tamil_nadu,chikungunya,230.74575854420334,302.4462308637285,gcn_res_cap025
telangana,dengue,458.345837230474,673.5827683153799,gcn_res_cap025
telangana,malaria,10.624069904335919,13.916632502989254,gcn_res_cap025
telangana,chikungunya,271.6616700034039,486.68361560769904,gcn_res_cap025
tripura,dengue,307.78580993669715,540.7427697807591,gcn_res_cap025
tripura,malaria,440.5527008253962,599.2259088913655,gcn_res_cap025
tripura,chikungunya,21.83701039040901,39.10214778162895,gcn_res_cap025
uttar_pradesh,dengue,1483.5151087224058,2003.52799851097,gcn_res_cap025
uttar_pradesh,malaria,1346.2359837592314,1994.4726885897803,gcn_res_cap025
uttar_pradesh,chikungunya,6.409004575866192,10.244600666194188,gcn_res_cap025
uttarakhand,dengue,84.30191739309913,115.92380426400652,gcn_res_cap025
uttarakhand,malaria,651.7363171314267,872.8983851452986,gcn_res_cap025
uttarakhand,chikungunya,83.33916759782868,151.87556802994322,gcn_res_cap025
west_bengal,dengue,481.15232074679807,855.9128438824421,gcn_res_cap025
west_bengal,malaria,1363.2963584508573,1759.8905517473934,gcn_res_cap025
west_bengal,chikungunya,53.91940772566941,84.16327682889364,gcn_res_cap025
