year,n,mae_model,mae_last,mae_avg2,log_model,log_last,log_avg2
2010,107,61.299477361163355,69.0731743925102,69.19205541731262,0.45492358160781454,0.45897617680846653,0.4306607038986708
2011,104,107.34436832122843,88.24378182243134,94.09824132136782,0.5002244894377553,0.5009070908989971,0.556101505711882
2012,98,64.85810834974531,61.27428539311846,91.34329987660274,0.664780171682464,0.6173992910504231,0.5932046862214598
2013,98,67.293326146466,53.77142675947018,77.99061203798236,0.6314521305862097,0.5032671537402336,0.6430085157723733
2014,63,134.10357549063556,120.01905346904246,125.60159398000391,0.44810084774414927,0.38548709148184684,0.47904059575564906
2015,65,74.30998690625174,46.45230589417311,87.84584358990766,0.44698320224277815,0.37246578358721716,0.49792145422416234
2016,72,71.61271372410084,73.06555890592143,79.0147232843782,0.836911769365814,0.8475156271419322,0.8209951693950404
2017,72,59.274641669242996,81.85194374217463,91.64416420164889,0.44842790028955115,0.4333426254435492,0.5135135505949313
2018,108,107.69394134340075,123.92333580684607,145.16417335344656,0.5621835115413081,0.6187793597244655,0.7353084327394649
2019,108,46.579053173880006,50.309814593030346,97.73111267136065,0.5391653629645561,0.555589159987806,0.6683536440371226
2020,108,76.20439157374275,70.13888946089342,68.28675842619742,1.0237924568977688,0.9708693238392644,0.9911218148776961
2021,108,58.937160963917194,64.11426004508718,73.51574136363342,0.8363180094121823,0.9381192856524642,0.9323052599531059
2022,108,56.431179541140786,46.39055596040217,42.95712970485221,0.8858715489037169,0.8400174072711987,0.8502341432341138
