Country,State,Year,Additional Info,"Number Of Cases (UOM:Number), Scaling Factor:1","Number Of Deaths Due To Dengue  (UOM:Number), Scaling Factor:1"
India,Andaman and Nicobar Islands,"Calendar Year (Jan - Dec), 2022","Provisional,till December",1080,0
India,Andhra Pradesh,"Calendar Year (Jan - Dec), 2022","Provisional,till December",6391,0
India,Arunachal Pradesh,"Calendar Year (Jan - Dec), 2022","Provisional,till December",102,0
India,Assam,"Calendar Year (Jan - Dec), 2022","Provisional,till December",1826,2
India,Bihar,"Calendar Year (Jan - Dec), 2022","Provisional,till December",13281,32
India,Chandigarh,"Calendar Year (Jan - Dec), 2022","Provisional,till December",910,1
India,Chhattisgarh,"Calendar Year (Jan - Dec), 2022","Provisional,till December",2633,0
India,Delhi,"Calendar Year (Jan - Dec), 2022","Provisional,till December",10183,9
India,Goa,"Calendar Year (Jan - Dec), 2022","Provisional,till December",443,1
India,Gujarat,"Calendar Year (Jan - Dec), 2022","Provisional,till December",6744,6
India,Haryana,"Calendar Year (Jan - Dec), 2022","Provisional,till December",8996,18
India,Himachal Pradesh,"Calendar Year (Jan - Dec), 2022","Provisional,till December",3326,1
India,Jammu and Kashmir,"Calendar Year (Jan - Dec), 2022","Provisional,till December",8269,18
India,Jharkhand,"Calendar Year (Jan - Dec), 2022","Provisional,till December",290,0
India,Karnataka,"Calendar Year (Jan - Dec), 2022","Provisional,till December",9620,9
India,Kerala,"Calendar Year (Jan - Dec), 2022","Provisional,till December",4432,29
India,Ladakh,"Calendar Year (Jan - Dec), 2022","Provisional,till December",0,0
India,Lakshadweep,"Calendar Year (Jan - Dec), 2022","Provisional,till December",70,0
India,Madhya Pradesh,"Calendar Year (Jan - Dec), 2022","Provisional,till December",3205,2
India,Maharashtra,"Calendar Year (Jan - Dec), 2022","Provisional,till December",8560,18
India,Manipur,"Calendar Year (Jan - Dec), 2022","Provisional,till December",503,4
India,Meghalaya,"Calendar Year (Jan - Dec), 2022","Provisional,till December",26,0
India,Mizoram,"Calendar Year (Jan - Dec), 2022","Provisional,till December",1868,5
India,Nagaland,"Calendar Year (Jan - Dec), 2022","Provisional,till December",154,0
India,Odisha,"Calendar Year (Jan - Dec), 2022","Provisional,till December",7063,0
India,Puducherry,"Calendar Year (Jan - Dec), 2022","Provisional,till December",1673,3
India,Punjab,"Calendar Year (Jan - Dec), 2022","Provisional,till December",11038,31
India,Rajasthan,"Calendar Year (Jan - Dec), 2022","Provisional,till December",13491,10
India,Sikkim,"Calendar Year (Jan - Dec), 2022","Provisional,till December",260,0
India,Tamil Nadu,"Calendar Year (Jan - Dec), 2022","Provisional,till December",6430,8
India,Telangana,"Calendar Year (Jan - Dec), 2022","Provisional,till December",8972,0
India,The Dadra and Nagar Haveli and Daman and Diu,"Calendar Year (Jan - Dec), 2022","Provisional,till December",913,0
India,Tripura,"Calendar Year (Jan - Dec), 2022","Provisional,till December",55,0
India,Uttar Pradesh,"Calendar Year (Jan - Dec), 2022","Provisional,till December",19821,33
India,Uttarakhand,"Calendar Year (Jan - Dec), 2022","Provisional,till December",2337,0
India,West Bengal,"Calendar Year (Jan - Dec), 2022","Provisional,till December",1753,3
India,Andaman and Nicobar Islands,"Calendar Year (Jan - Dec), 2021",,175,0
India,Andhra Pradesh,"Calendar Year (Jan - Dec), 2021",,4760,0
India,Arunachal Pradesh,"Calendar Year (Jan - Dec), 2021",,7,0
India,Assam,"Calendar Year (Jan - Dec), 2021",,103,0
India,Bihar,"Calendar Year (Jan - Dec), 2021",,633,2
India,Chandigarh,"Calendar Year (Jan - Dec), 2021",,1596,3
India,Chhattisgarh,"Calendar Year (Jan - Dec), 2021",,1086,0
India,Delhi,"Calendar Year (Jan - Dec), 2021",,13089,23
India,Goa,"Calendar Year (Jan - Dec), 2021",,649,0
India,Gujarat,"Calendar Year (Jan - Dec), 2021",,10983,14
India,Haryana,"Calendar Year (Jan - Dec), 2021",,11835,13
India,Himachal Pradesh,"Calendar Year (Jan - Dec), 2021",,349,0
India,Jammu and Kashmir,"Calendar Year (Jan - Dec), 2021",,1709,4
India,Jharkhand,"Calendar Year (Jan - Dec), 2021",,220,1
India,Karnataka,"Calendar Year (Jan - Dec), 2021",,7393,7
India,Kerala,"Calendar Year (Jan - Dec), 2021",,3251,27
India,Ladakh,"Calendar Year (Jan - Dec), 2021",,0,0
India,Lakshadweep,"Calendar Year (Jan - Dec), 2021",,1,0
India,Madhya Pradesh,"Calendar Year (Jan - Dec), 2021",,15592,11
India,Maharashtra,"Calendar Year (Jan - Dec), 2021",,203,0
India,Manipur,"Calendar Year (Jan - Dec), 2021",,129,0
India,Meghalaya,"Calendar Year (Jan - Dec), 2021",,12720,42
India,Mizoram,"Calendar Year (Jan - Dec), 2021",,83,0
India,Nagaland,"Calendar Year (Jan - Dec), 2021",,24,0
India,Odisha,"Calendar Year (Jan - Dec), 2021",,7548,0
India,Puducherry,"Calendar Year (Jan - Dec), 2021",,1625,1
India,Punjab,"Calendar Year (Jan - Dec), 2021",,23389,55
India,Rajasthan,"Calendar Year (Jan - Dec), 2021",,20749,96
India,Sikkim,"Calendar Year (Jan - Dec), 2021",,243,1
India,Tamil Nadu,"Calendar Year (Jan - Dec), 2021",,6039,8
India,Telangana,"Calendar Year (Jan - Dec), 2021",,349,0
India,The Dadra and Nagar Haveli and Daman and Diu,"Calendar Year (Jan - Dec), 2021",,826,0
India,Tripura,"Calendar Year (Jan - Dec), 2021",,7135,0
India,Uttar Pradesh,"Calendar Year (Jan - Dec), 2021",,29750,29
India,Uttarakhand,"Calendar Year (Jan - Dec), 2021",,738,2
India,West Bengal,"Calendar Year (Jan - Dec), 2021",,8264,7
India,Andaman and Nicobar Islands,"Calendar Year (Jan - Dec), 2020",,98,0
India,Andhra Pradesh,"Calendar Year (Jan - Dec), 2020",,925,0
India,Arunachal Pradesh,"Calendar Year (Jan - Dec), 2020",,1,0
India,Assam,"Calendar Year (Jan - Dec), 2020",,33,0
India,Bihar,"Calendar Year (Jan - Dec), 2020",,493,2
India,Chandigarh,"Calendar Year (Jan - Dec), 2020",,265,0
India,Chhattisgarh,"Calendar Year (Jan - Dec), 2020",,57,0
India,Delhi,"Calendar Year (Jan - Dec), 2020",,1269,0
India,Goa,"Calendar Year (Jan - Dec), 2020",,376,0
India,Gujarat,"Calendar Year (Jan - Dec), 2020",,1564,2
India,Haryana,"Calendar Year (Jan - Dec), 2020",,1377,0
India,Himachal Pradesh,"Calendar Year (Jan - Dec), 2020",,21,0
India,Jammu and Kashmir,"Calendar Year (Jan - Dec), 2020",,53,0
India,Jharkhand,"Calendar Year (Jan - Dec), 2020",,79,0
India,Karnataka,"Calendar Year (Jan - Dec), 2020",,3823,0
India,Kerala,"Calendar Year (Jan - Dec), 2020",,4399,5
India,Ladakh,"Calendar Year (Jan - Dec), 2020",,0,0
India,Lakshadweep,"Calendar Year (Jan - Dec), 2020",,0,0
India,Madhya Pradesh,"Calendar Year (Jan - Dec), 2020",,806,0
India,Maharashtra,"Calendar Year (Jan - Dec), 2020",,3356,10
India,Manipur,"Calendar Year (Jan - Dec), 2020",,37,0
India,Meghalaya,"Calendar Year (Jan - Dec), 2020",,4,0
India,Mizoram,"Calendar Year (Jan - Dec), 2020",,67,0
India,Nagaland,"Calendar Year (Jan - Dec), 2020",,1,0
India,Odisha,"Calendar Year (Jan - Dec), 2020",,496,0
India,Puducherry,"Calendar Year (Jan - Dec), 2020",,633,1
India,Punjab,"Calendar Year (Jan - Dec), 2020",,8435,22
India,Rajasthan,"Calendar Year (Jan - Dec), 2020",,2023,7
India,Sikkim,"Calendar Year (Jan - Dec), 2020",,11,0
India,Tamil Nadu,"Calendar Year (Jan - Dec), 2020",,2410,0
India,Telangana,"Calendar Year (Jan - Dec), 2020",,2173,0
India,The Dadra and Nagar Haveli and Daman and Diu,"Calendar Year (Jan - Dec), 2020",,319,0
India,Tripura,"Calendar Year (Jan - Dec), 2020",,24,0
India,Uttar Pradesh,"Calendar Year (Jan - Dec), 2020",,3715,6
India,Uttarakhand,"Calendar Year (Jan - Dec), 2020",,76,1
India,West Bengal,"Calendar Year (Jan - Dec), 2020",,5166,10
India,Andaman and Nicobar Islands,"Calendar Year (Jan - Dec), 2019",,168,0
India,Andhra Pradesh,"Calendar Year (Jan - Dec), 2019",,5286,0
India,Arunachal Pradesh,"Calendar Year (Jan - Dec), 2019",,123,0
India,Assam,"Calendar Year (Jan - Dec), 2019",,196,0
India,Bihar,"Calendar Year (Jan - Dec), 2019",,6712,0
India,Chandigarh,"Calendar Year (Jan - Dec), 2019",,286,0
India,Chhattisgarh,"Calendar Year (Jan - Dec), 2019",,722,0
India,Delhi,"Calendar Year (Jan - Dec), 2019",,5077,0
India,Goa,"Calendar Year (Jan - Dec), 2019",,992,0
India,Gujarat,"Calendar Year (Jan - Dec), 2019",,18219,17
India,Haryana,"Calendar Year (Jan - Dec), 2019",,1207,0
India,Himachal Pradesh,"Calendar Year (Jan - Dec), 2019",,344,2
India,Jammu and Kashmir,"Calendar Year (Jan - Dec), 2019",,439,0
India,Jharkhand,"Calendar Year (Jan - Dec), 2019",,825,0
India,Karnataka,"Calendar Year (Jan - Dec), 2019",,16986,13
India,Kerala,"Calendar Year (Jan - Dec), 2019",,4652,16
India,Ladakh,"Calendar Year (Jan - Dec), 2019",,0,0
India,Lakshadweep,"Calendar Year (Jan - Dec), 2019",,0,0
India,Madhya Pradesh,"Calendar Year (Jan - Dec), 2019",,4189,2
India,Maharashtra,"Calendar Year (Jan - Dec), 2019",,14907,29
India,Manipur,"Calendar Year (Jan - Dec), 2019",,359,0
India,Meghalaya,"Calendar Year (Jan - Dec), 2019",,82,0
India,Mizoram,"Calendar Year (Jan - Dec), 2019",,42,0
India,Nagaland,"Calendar Year (Jan - Dec), 2019",,8,0
India,Odisha,"Calendar Year (Jan - Dec), 2019",,3758,4
India,Puducherry,"Calendar Year (Jan - Dec), 2019",,2030,2
India,Punjab,"Calendar Year (Jan - Dec), 2019",,10289,14
India,Rajasthan,"Calendar Year (Jan - Dec), 2019",,13706,17
India,Sikkim,"Calendar Year (Jan - Dec), 2019",,444,0
India,Tamil Nadu,"Calendar Year (Jan - Dec), 2019",,8527,5
India,Telangana,"Calendar Year (Jan - Dec), 2019",,13331,7
India,The Dadra and Nagar Haveli and Daman and Diu,"Calendar Year (Jan - Dec), 2019",,2116.00000000000000000000,4.00000000000000000000
India,Tripura,"Calendar Year (Jan - Dec), 2019",,114,0
India,Uttar Pradesh,"Calendar Year (Jan - Dec), 2019",,10557,26
India,Uttarakhand,"Calendar Year (Jan - Dec), 2019",,10622,8
India,West Bengal,"Calendar Year (Jan - Dec), 2019",,47928,27
India,Andaman and Nicobar Islands,"Calendar Year (Jan - Dec), 2018",,49,0
India,Andhra Pradesh,"Calendar Year (Jan - Dec), 2018",,4011,0
India,Arunachal Pradesh,"Calendar Year (Jan - Dec), 2018",,1,0
India,Assam,"Calendar Year (Jan - Dec), 2018",,166,0
India,Bihar,"Calendar Year (Jan - Dec), 2018",,2142,0
India,Chandigarh,"Calendar Year (Jan - Dec), 2018",,301,0
India,Chhattisgarh,"Calendar Year (Jan - Dec), 2018",,2674,10
India,Delhi,"Calendar Year (Jan - Dec), 2018",,7136,4
India,Goa,"Calendar Year (Jan - Dec), 2018",,335,1
India,Gujarat,"Calendar Year (Jan - Dec), 2018",,7579,5
India,Haryana,"Calendar Year (Jan - Dec), 2018",,1898,0
India,Himachal Pradesh,"Calendar Year (Jan - Dec), 2018",,4672,7
India,Jammu and Kashmir,"Calendar Year (Jan - Dec), 2018",,214,0
India,Jharkhand,"Calendar Year (Jan - Dec), 2018",,463,1
India,Karnataka,"Calendar Year (Jan - Dec), 2018",,4427,4
India,Kerala,"Calendar Year (Jan - Dec), 2018",,4083,32
India,Ladakh,"Calendar Year (Jan - Dec), 2018",,0,0
India,Lakshadweep,"Calendar Year (Jan - Dec), 2018",,0,0
India,Madhya Pradesh,"Calendar Year (Jan - Dec), 2018",,4506,5
India,Maharashtra,"Calendar Year (Jan - Dec), 2018",,11011,55
India,Manipur,"Calendar Year (Jan - Dec), 2018",,14,0
India,Meghalaya,"Calendar Year (Jan - Dec), 2018",,44,0
India,Mizoram,"Calendar Year (Jan - Dec), 2018",,68,0
India,Nagaland,"Calendar Year (Jan - Dec), 2018",,369,0
India,Odisha,"Calendar Year (Jan - Dec), 2018",,5198,5
India,Puducherry,"Calendar Year (Jan - Dec), 2018",,592,2
India,Punjab,"Calendar Year (Jan - Dec), 2018",,14980,9
India,Rajasthan,"Calendar Year (Jan - Dec), 2018",,9587,10
India,Sikkim,"Calendar Year (Jan - Dec), 2018",,320,0
India,Tamil Nadu,"Calendar Year (Jan - Dec), 2018",,4486,13
India,Telangana,"Calendar Year (Jan - Dec), 2018",,4592,2
India,The Dadra and Nagar Haveli and Daman and Diu,"Calendar Year (Jan - Dec), 2018",,656.00000000000000000000,0.00000000000000000000
India,Tripura,"Calendar Year (Jan - Dec), 2018",,100,0
India,Uttar Pradesh,"Calendar Year (Jan - Dec), 2018",,3829,4
India,Uttarakhand,"Calendar Year (Jan - Dec), 2018",,689,3
India,West Bengal,"Calendar Year (Jan - Dec), 2018",,23301,86
India,Andaman and Nicobar Islands,"Calendar Year (Jan - Dec), 2017",,18,0
India,Andhra Pradesh,"Calendar Year (Jan - Dec), 2017",,4925,0
India,Arunachal Pradesh,"Calendar Year (Jan - Dec), 2017",,18,0
India,Assam,"Calendar Year (Jan - Dec), 2017",,5024,1
India,Bihar,"Calendar Year (Jan - Dec), 2017",,1854,0
India,Chandigarh,"Calendar Year (Jan - Dec), 2017",,1125,0
India,Chhattisgarh,"Calendar Year (Jan - Dec), 2017",,444,0
India,Delhi,"Calendar Year (Jan - Dec), 2017",,9271,10
India,Goa,"Calendar Year (Jan - Dec), 2017",,235,0
India,Gujarat,"Calendar Year (Jan - Dec), 2017",,4753,6
India,Haryana,"Calendar Year (Jan - Dec), 2017",,4550,0
India,Himachal Pradesh,"Calendar Year (Jan - Dec), 2017",,452,0
India,Jammu and Kashmir,"Calendar Year (Jan - Dec), 2017",,488,0
India,Jharkhand,"Calendar Year (Jan - Dec), 2017",,710,5
India,Karnataka,"Calendar Year (Jan - Dec), 2017",,17844,10
India,Kerala,"Calendar Year (Jan - Dec), 2017",,19994,37
India,Ladakh,"Calendar Year (Jan - Dec), 2017",,0,0
India,Lakshadweep,"Calendar Year (Jan - Dec), 2017",,0,0
India,Madhya Pradesh,"Calendar Year (Jan - Dec), 2017",,2666,6
India,Maharashtra,"Calendar Year (Jan - Dec), 2017",,7829,65
India,Manipur,"Calendar Year (Jan - Dec), 2017",,193,1
India,Meghalaya,"Calendar Year (Jan - Dec), 2017",,52,0
India,Mizoram,"Calendar Year (Jan - Dec), 2017",,136,0
India,Nagaland,"Calendar Year (Jan - Dec), 2017",,357,0
India,Odisha,"Calendar Year (Jan - Dec), 2017",,4158,6
India,Puducherry,"Calendar Year (Jan - Dec), 2017",,4568,7
India,Punjab,"Calendar Year (Jan - Dec), 2017",,15398,18
India,Rajasthan,"Calendar Year (Jan - Dec), 2017",,8427,14
India,Sikkim,"Calendar Year (Jan - Dec), 2017",,312,0
India,Tamil Nadu,"Calendar Year (Jan - Dec), 2017",,23294,65
India,Telangana,"Calendar Year (Jan - Dec), 2017",,5369,0
India,The Dadra and Nagar Haveli and Daman and Diu,"Calendar Year (Jan - Dec), 2017",,2123.000000000000000000000,0.000000000000000000000
India,Tripura,"Calendar Year (Jan - Dec), 2017",,127,0
India,Uttar Pradesh,"Calendar Year (Jan - Dec), 2017",,3092,28
India,Uttarakhand,"Calendar Year (Jan - Dec), 2017",,849,0
India,West Bengal,"Calendar Year (Jan - Dec), 2017",,37746,46
India,Andaman and Nicobar Islands,"Calendar Year (Jan - Dec), 2013",,67,0
India,Andhra Pradesh,"Calendar Year (Jan - Dec), 2013",,910,1
India,Arunachal Pradesh,"Calendar Year (Jan - Dec), 2013",,0,0
India,Assam,"Calendar Year (Jan - Dec), 2013",,4526,2
India,Bihar,"Calendar Year (Jan - Dec), 2013",,1246,5
India,Chandigarh,"Calendar Year (Jan - Dec), 2013",,107,0
India,Chhattisgarh,"Calendar Year (Jan - Dec), 2013",,83,2
India,Delhi,"Calendar Year (Jan - Dec), 2013",,5574,6
India,Goa,"Calendar Year (Jan - Dec), 2013",,198,2
India,Gujarat,"Calendar Year (Jan - Dec), 2013",,6272,15
India,Haryana,"Calendar Year (Jan - Dec), 2013",,1784,5
India,Himachal Pradesh,"Calendar Year (Jan - Dec), 2013",,89,2
India,Jammu and Kashmir,"Calendar Year (Jan - Dec), 2013",,1796.819041910074583771700,2.934380580147100572300
India,Jharkhand,"Calendar Year (Jan - Dec), 2013",,161,0
India,Karnataka,"Calendar Year (Jan - Dec), 2013",,6408,12
India,Kerala,"Calendar Year (Jan - Dec), 2013",,7938,29
India,Ladakh,"Calendar Year (Jan - Dec), 2013",,40.180958089925416228300,0.065619419852899427700
India,Lakshadweep,"Calendar Year (Jan - Dec), 2013",,0,0
India,Madhya Pradesh,"Calendar Year (Jan - Dec), 2013",,1255,9
India,Maharashtra,"Calendar Year (Jan - Dec), 2013",,5610,48
India,Manipur,"Calendar Year (Jan - Dec), 2013",,9,0
India,Meghalaya,"Calendar Year (Jan - Dec), 2013",,43,0
India,Mizoram,"Calendar Year (Jan - Dec), 2013",,7,0
India,Nagaland,"Calendar Year (Jan - Dec), 2013",Telangana State was formed in 2014,0,0
India,Odisha,"Calendar Year (Jan - Dec), 2013",,7132,6
India,Puducherry,"Calendar Year (Jan - Dec), 2013",,2215,0
India,Punjab,"Calendar Year (Jan - Dec), 2013",,4117,25
India,Rajasthan,"Calendar Year (Jan - Dec), 2013",,4413,10
India,Sikkim,"Calendar Year (Jan - Dec), 2013",,38,0
India,Tamil Nadu,"Calendar Year (Jan - Dec), 2013",,6122,0
India,Telangana,"Calendar Year (Jan - Dec), 2013",,,
India,The Dadra and Nagar Haveli and Daman and Diu,"Calendar Year (Jan - Dec), 2013",,251.000000000000000000000,0.000000000000000000000
India,Tripura,"Calendar Year (Jan - Dec), 2013",,8,0
India,Uttar Pradesh,"Calendar Year (Jan - Dec), 2013",,1414,5
India,Uttarakhand,"Calendar Year (Jan - Dec), 2013",,54,0
India,West Bengal,"Calendar Year (Jan - Dec), 2013",,5920,6
India,Andaman and Nicobar Islands,"Calendar Year (Jan - Dec), 2012",,24,0
India,Andhra Pradesh,"Calendar Year (Jan - Dec), 2012",,2299,2
India,Arunachal Pradesh,"Calendar Year (Jan - Dec), 2012",,346,0
India,Assam,"Calendar Year (Jan - Dec), 2012",,1058,5
India,Bihar,"Calendar Year (Jan - Dec), 2012",,872,3
India,Chandigarh,"Calendar Year (Jan - Dec), 2012",,351,2
India,Chhattisgarh,"Calendar Year (Jan - Dec), 2012",,45,0
India,Delhi,"Calendar Year (Jan - Dec), 2012",,2093,4
India,Goa,"Calendar Year (Jan - Dec), 2012",,39,0
India,Gujarat,"Calendar Year (Jan - Dec), 2012",,3067,6
India,Haryana,"Calendar Year (Jan - Dec), 2012",,768,2
India,Himachal Pradesh,"Calendar Year (Jan - Dec), 2012",,73,0
India,Jammu and Kashmir,"Calendar Year (Jan - Dec), 2012",,16.628156620833569909700,0.978126860049033524100
India,Jharkhand,"Calendar Year (Jan - Dec), 2012",,42,0
India,Karnataka,"Calendar Year (Jan - Dec), 2012",,3924,21
India,Kerala,"Calendar Year (Jan - Dec), 2012",,4172,15
India,Ladakh,"Calendar Year (Jan - Dec), 2012",,0.371843379166430090300,0.021873139950966475900
India,Lakshadweep,"Calendar Year (Jan - Dec), 2012",,,
India,Madhya Pradesh,"Calendar Year (Jan - Dec), 2012",,239,6
India,Maharashtra,"Calendar Year (Jan - Dec), 2012",,2931,59
India,Manipur,"Calendar Year (Jan - Dec), 2012",,6,0
India,Meghalaya,"Calendar Year (Jan - Dec), 2012",,27,2
India,Mizoram,"Calendar Year (Jan - Dec), 2012",,6,0
India,Nagaland,"Calendar Year (Jan - Dec), 2012",Telangana State was formed in 2014,0,0
India,Odisha,"Calendar Year (Jan - Dec), 2012",,2255,6
India,Puducherry,"Calendar Year (Jan - Dec), 2012",,3506,5
India,Punjab,"Calendar Year (Jan - Dec), 2012",,770,9
India,Rajasthan,"Calendar Year (Jan - Dec), 2012",,1295,10
India,Sikkim,"Calendar Year (Jan - Dec), 2012",,2,0
India,Tamil Nadu,"Calendar Year (Jan - Dec), 2012",,12826,66
India,Telangana,"Calendar Year (Jan - Dec), 2012",,,
India,The Dadra and Nagar Haveli and Daman and Diu,"Calendar Year (Jan - Dec), 2012",,252.000000000000000000000,1.000000000000000000000
India,Tripura,"Calendar Year (Jan - Dec), 2012",,9,0
India,Uttar Pradesh,"Calendar Year (Jan - Dec), 2012",,342,4
India,Uttarakhand,"Calendar Year (Jan - Dec), 2012",,110,2
India,West Bengal,"Calendar Year (Jan - Dec), 2012",,6456,11
India,Andaman and Nicobar Islands,"Calendar Year (Jan - Dec), 2011",,6,0
India,Andhra Pradesh,"Calendar Year (Jan - Dec), 2011",,1209,6
India,Arunachal Pradesh,"Calendar Year (Jan - Dec), 2011",,0,0
India,Assam,"Calendar Year (Jan - Dec), 2011",,0,0
India,Bihar,"Calendar Year (Jan - Dec), 2011",,21,0
India,Chandigarh,"Calendar Year (Jan - Dec), 2011",,73,0
India,Chhattisgarh,"Calendar Year (Jan - Dec), 2011",,313,11
India,Delhi,"Calendar Year (Jan - Dec), 2011",,1131,8
India,Goa,"Calendar Year (Jan - Dec), 2011",,26,0
India,Gujarat,"Calendar Year (Jan - Dec), 2011",,1693,9
India,Haryana,"Calendar Year (Jan - Dec), 2011",,267,3
India,Himachal Pradesh,"Calendar Year (Jan - Dec), 2011",,0,0
India,Jammu and Kashmir,"Calendar Year (Jan - Dec), 2011",,2.934380580147100572300,0.000000000000000000000
India,Jharkhand,"Calendar Year (Jan - Dec), 2011",,36,0
India,Karnataka,"Calendar Year (Jan - Dec), 2011",,405,5
India,Kerala,"Calendar Year (Jan - Dec), 2011",,1304,10
India,Ladakh,"Calendar Year (Jan - Dec), 2011",,0.065619419852899427700,0.000000000000000000000
India,Lakshadweep,"Calendar Year (Jan - Dec), 2011",,,
India,Madhya Pradesh,"Calendar Year (Jan - Dec), 2011",,50,0
India,Maharashtra,"Calendar Year (Jan - Dec), 2011",,1138,25
India,Manipur,"Calendar Year (Jan - Dec), 2011",,220,0
India,Meghalaya,"Calendar Year (Jan - Dec), 2011",,0,0
India,Mizoram,"Calendar Year (Jan - Dec), 2011",,0,0
India,Nagaland,"Calendar Year (Jan - Dec), 2011",Telangana State was formed in 2014,3,0
India,Odisha,"Calendar Year (Jan - Dec), 2011",,1816,33
India,Puducherry,"Calendar Year (Jan - Dec), 2011",,463,3
India,Punjab,"Calendar Year (Jan - Dec), 2011",,3921,33
India,Rajasthan,"Calendar Year (Jan - Dec), 2011",,1072,4
India,Sikkim,"Calendar Year (Jan - Dec), 2011",,2,0
India,Tamil Nadu,"Calendar Year (Jan - Dec), 2011",,2501,9
India,Telangana,"Calendar Year (Jan - Dec), 2011",,,
India,The Dadra and Nagar Haveli and Daman and Diu,"Calendar Year (Jan - Dec), 2011",,68.000000000000000000000,0.000000000000000000000
India,Tripura,"Calendar Year (Jan - Dec), 2011",,0,0
India,Uttar Pradesh,"Calendar Year (Jan - Dec), 2011",,155,5
India,Uttarakhand,"Calendar Year (Jan - Dec), 2011",,454,5
India,West Bengal,"Calendar Year (Jan - Dec), 2011",,510,0
India,Andaman and Nicobar Islands,"Calendar Year (Jan - Dec), 2010",,25,0
India,Andhra Pradesh,"Calendar Year (Jan - Dec), 2010",,776,3
India,Arunachal Pradesh,"Calendar Year (Jan - Dec), 2010",,0,0
India,Assam,"Calendar Year (Jan - Dec), 2010",,237,2
India,Bihar,"Calendar Year (Jan - Dec), 2010",,510,0
India,Chandigarh,"Calendar Year (Jan - Dec), 2010",,221,0
India,Chhattisgarh,"Calendar Year (Jan - Dec), 2010",,4,0
India,Delhi,"Calendar Year (Jan - Dec), 2010",,6259,8
India,Goa,"Calendar Year (Jan - Dec), 2010",,242,0
India,Gujarat,"Calendar Year (Jan - Dec), 2010",,2568,1
India,Haryana,"Calendar Year (Jan - Dec), 2010",,866,20
India,Himachal Pradesh,"Calendar Year (Jan - Dec), 2010",,3,0
India,Jammu and Kashmir,"Calendar Year (Jan - Dec), 2010",,0.000000000000000000000,0.000000000000000000000
India,Jharkhand,"Calendar Year (Jan - Dec), 2010",,27,0
India,Karnataka,"Calendar Year (Jan - Dec), 2010",,2285,7
India,Kerala,"Calendar Year (Jan - Dec), 2010",,2597,17
India,Ladakh,"Calendar Year (Jan - Dec), 2010",,0.000000000000000000000,0.000000000000000000000
India,Lakshadweep,"Calendar Year (Jan - Dec), 2010",,0,0
India,Madhya Pradesh,"Calendar Year (Jan - Dec), 2010",,175,1
India,Maharashtra,"Calendar Year (Jan - Dec), 2010",,1489,5
India,Manipur,"Calendar Year (Jan - Dec), 2010",,7,0
India,Meghalaya,"Calendar Year (Jan - Dec), 2010",,1,0
India,Mizoram,"Calendar Year (Jan - Dec), 2010",,0,0
India,Nagaland,"Calendar Year (Jan - Dec), 2010",,0,0
India,Odisha,"Calendar Year (Jan - Dec), 2010",,29,5
India,Puducherry,"Calendar Year (Jan - Dec), 2010",,96,0
India,Punjab,"Calendar Year (Jan - Dec), 2010",,4012,15
India,Rajasthan,"Calendar Year (Jan - Dec), 2010",,1823,9
India,Sikkim,"Calendar Year (Jan - Dec), 2010",,0,0
India,Tamil Nadu,"Calendar Year (Jan - Dec), 2010",,2051,8
India,Telangana,"Calendar Year (Jan - Dec), 2010",,,
India,The Dadra and Nagar Haveli and Daman and Diu,"Calendar Year (Jan - Dec), 2010",,46.000000000000000000000,0.000000000000000000000
India,Tripura,"Calendar Year (Jan - Dec), 2010",,0,0
India,Uttar Pradesh,"Calendar Year (Jan - Dec), 2010",,960,8
India,Uttarakhand,"Calendar Year (Jan - Dec), 2010",,178,0
India,West Bengal,"Calendar Year (Jan - Dec), 2010",,805,1
India,Andaman and Nicobar Islands,"Calendar Year (Jan - Dec), 2009",,0,0
India,Andhra Pradesh,"Calendar Year (Jan - Dec), 2009",,697.519633450517958711400,6.447660477273695416660
India,Arunachal Pradesh,"Calendar Year (Jan - Dec), 2009",,0,0
India,Assam,"Calendar Year (Jan - Dec), 2009",,0,0
India,Bihar,"Calendar Year (Jan - Dec), 2009",,1,0
India,Chandigarh,"Calendar Year (Jan - Dec), 2009",,25,0
India,Chhattisgarh,"Calendar Year (Jan - Dec), 2009",,26,7
India,Delhi,"Calendar Year (Jan - Dec), 2009",,1153,3
India,Goa,"Calendar Year (Jan - Dec), 2009",,277,5
India,Gujarat,"Calendar Year (Jan - Dec), 2009",,2461,2
India,Haryana,"Calendar Year (Jan - Dec), 2009",,125,1
India,Himachal Pradesh,"Calendar Year (Jan - Dec), 2009",,0,0
India,Jammu and Kashmir,"Calendar Year (Jan - Dec), 2009",,1.956253720098067048200,0.000000000000000000000
India,Jharkhand,"Calendar Year (Jan - Dec), 2009",,0,0
India,Karnataka,"Calendar Year (Jan - Dec), 2009",,1764,8
India,Kerala,"Calendar Year (Jan - Dec), 2009",,1425,6
India,Ladakh,"Calendar Year (Jan - Dec), 2009",,0.043746279901932951800,0.000000000000000000000
India,Lakshadweep,"Calendar Year (Jan - Dec), 2009",,0,0
India,Madhya Pradesh,"Calendar Year (Jan - Dec), 2009",,1467,5
India,Maharashtra,"Calendar Year (Jan - Dec), 2009",,2255,20
India,Manipur,"Calendar Year (Jan - Dec), 2009",,0,0
India,Meghalaya,"Calendar Year (Jan - Dec), 2009",,0,0
India,Mizoram,"Calendar Year (Jan - Dec), 2009",,0,0
India,Nagaland,"Calendar Year (Jan - Dec), 2009",,25,0
India,Odisha,"Calendar Year (Jan - Dec), 2009",,0,0
India,Puducherry,"Calendar Year (Jan - Dec), 2009",,66,0
India,Punjab,"Calendar Year (Jan - Dec), 2009",,245,1
India,Rajasthan,"Calendar Year (Jan - Dec), 2009",,1389,18
India,Sikkim,"Calendar Year (Jan - Dec), 2009",,0,0
India,Tamil Nadu,"Calendar Year (Jan - Dec), 2009",,1072,7
India,Telangana,"Calendar Year (Jan - Dec), 2009",,492.480366549482041288600,4.552339522726304583340
India,The Dadra and Nagar Haveli and Daman and Diu,"Calendar Year (Jan - Dec), 2009",,0.000000000000000000000,0.000000000000000000000
India,Tripura,"Calendar Year (Jan - Dec), 2009",,0,0
India,Uttar Pradesh,"Calendar Year (Jan - Dec), 2009",,168,2
India,Uttarakhand,"Calendar Year (Jan - Dec), 2009",,0,0
India,West Bengal,"Calendar Year (Jan - Dec), 2009",,399,0
India,Andaman and Nicobar Islands,"Calendar Year (Jan - Dec), 2008",,0,0
India,Andhra Pradesh,"Calendar Year (Jan - Dec), 2008",,183.465248126060605946780,1.172301904958853712120
India,Arunachal Pradesh,"Calendar Year (Jan - Dec), 2008",,0,0
India,Assam,"Calendar Year (Jan - Dec), 2008",,0,0
India,Bihar,"Calendar Year (Jan - Dec), 2008",,1,0
India,Chandigarh,"Calendar Year (Jan - Dec), 2008",,167,0
India,Chhattisgarh,"Calendar Year (Jan - Dec), 2008",,0,0
India,Delhi,"Calendar Year (Jan - Dec), 2008",,1312,2
India,Goa,"Calendar Year (Jan - Dec), 2008",,43,0
India,Gujarat,"Calendar Year (Jan - Dec), 2008",,1065,2
India,Haryana,"Calendar Year (Jan - Dec), 2008",,1137,9
India,Himachal Pradesh,"Calendar Year (Jan - Dec), 2008",,0,0
India,Jammu and Kashmir,"Calendar Year (Jan - Dec), 2008",,0.000000000000000000000,0.000000000000000000000
India,Jharkhand,"Calendar Year (Jan - Dec), 2008",,0,0
India,Karnataka,"Calendar Year (Jan - Dec), 2008",,339,3
India,Kerala,"Calendar Year (Jan - Dec), 2008",,733,3
India,Ladakh,"Calendar Year (Jan - Dec), 2008",,0.000000000000000000000,0.000000000000000000000
India,Lakshadweep,"Calendar Year (Jan - Dec), 2008",,0,0
India,Madhya Pradesh,"Calendar Year (Jan - Dec), 2008",,3,0
India,Maharashtra,"Calendar Year (Jan - Dec), 2008",,743,22
India,Manipur,"Calendar Year (Jan - Dec), 2008",,0,0
India,Meghalaya,"Calendar Year (Jan - Dec), 2008",,0,0
India,Mizoram,"Calendar Year (Jan - Dec), 2008",,0,0
India,Nagaland,"Calendar Year (Jan - Dec), 2008",,0,0
India,Odisha,"Calendar Year (Jan - Dec), 2008",,0,0
India,Puducherry,"Calendar Year (Jan - Dec), 2008",,35,0
India,Punjab,"Calendar Year (Jan - Dec), 2008",,4349,21
India,Rajasthan,"Calendar Year (Jan - Dec), 2008",,682,4
India,Sikkim,"Calendar Year (Jan - Dec), 2008",,0,0
India,Tamil Nadu,"Calendar Year (Jan - Dec), 2008",,530,3
India,Telangana,"Calendar Year (Jan - Dec), 2008",,129.534751873939394053220,0.827698095041146287880
India,The Dadra and Nagar Haveli and Daman and Diu,"Calendar Year (Jan - Dec), 2008",,0.000000000000000000000,0.000000000000000000000
India,Tripura,"Calendar Year (Jan - Dec), 2008",,0,0
India,Uttar Pradesh,"Calendar Year (Jan - Dec), 2008",,51,2
India,Uttarakhand,"Calendar Year (Jan - Dec), 2008",,20,0
India,West Bengal,"Calendar Year (Jan - Dec), 2008",,1038,7
India,Andaman and Nicobar Islands,"Calendar Year (Jan - Dec), 2007",,0,0
India,Andhra Pradesh,"Calendar Year (Jan - Dec), 2007",,344.070609105423564507220,1.172301904958853712120
India,Assam,"Calendar Year (Jan - Dec), 2007",,0,0
India,Bihar,"Calendar Year (Jan - Dec), 2007",,0,0
India,Chandigarh,"Calendar Year (Jan - Dec), 2007",,99,0
India,Chhattisgarh,"Calendar Year (Jan - Dec), 2007",,0,0
India,Delhi,"Calendar Year (Jan - Dec), 2007",,548,1
India,Goa,"Calendar Year (Jan - Dec), 2007",,36,0
India,Gujarat,"Calendar Year (Jan - Dec), 2007",,570,2
India,Haryana,"Calendar Year (Jan - Dec), 2007",,365,11
India,Jammu and Kashmir,"Calendar Year (Jan - Dec), 2007",,0.000000000000000000000,0.000000000000000000000
India,Jharkhand,"Calendar Year (Jan - Dec), 2007",,0,0
India,Karnataka,"Calendar Year (Jan - Dec), 2007",,230,0
India,Kerala,"Calendar Year (Jan - Dec), 2007",,603,11
India,Ladakh,"Calendar Year (Jan - Dec), 2007",,0.000000000000000000000,0.000000000000000000000
India,Madhya Pradesh,"Calendar Year (Jan - Dec), 2007",,51,2
India,Maharashtra,"Calendar Year (Jan - Dec), 2007",,614,21
India,Manipur,"Calendar Year (Jan - Dec), 2007",,51,1
India,Meghalaya,"Calendar Year (Jan - Dec), 2007",,0,0
India,Nagaland,"Calendar Year (Jan - Dec), 2007",,0,0
India,Odisha,"Calendar Year (Jan - Dec), 2007",,4,0
India,Puducherry,"Calendar Year (Jan - Dec), 2007",,274,0
India,Punjab,"Calendar Year (Jan - Dec), 2007",,28,0
India,Rajasthan,"Calendar Year (Jan - Dec), 2007",,540,10
India,Sikkim,"Calendar Year (Jan - Dec), 2007",,0,0
India,Tamil Nadu,"Calendar Year (Jan - Dec), 2007",,707,2
India,Telangana,"Calendar Year (Jan - Dec), 2007",,242.929390894576435492780,0.827698095041146287880
India,The Dadra and Nagar Haveli and Daman and Diu,"Calendar Year (Jan - Dec), 2007",,0,0
India,Uttar Pradesh,"Calendar Year (Jan - Dec), 2007",,132,2
India,Uttarakhand,"Calendar Year (Jan - Dec), 2007",,0,0
India,West Bengal,"Calendar Year (Jan - Dec), 2007",,95,4
India,Andaman and Nicobar Islands,"Calendar Year (Jan - Dec), 2006",,0,0
India,Andhra Pradesh,"Calendar Year (Jan - Dec), 2006",,115.471737638447090643820,9.964566192150256553020
India,Assam,"Calendar Year (Jan - Dec), 2006",,0,0
India,Bihar,"Calendar Year (Jan - Dec), 2006",,4,0
India,Chandigarh,"Calendar Year (Jan - Dec), 2006",,182,0
India,Chhattisgarh,"Calendar Year (Jan - Dec), 2006",,0,0
India,Delhi,"Calendar Year (Jan - Dec), 2006",,3366,65
India,Goa,"Calendar Year (Jan - Dec), 2006",,1,0
India,Gujarat,"Calendar Year (Jan - Dec), 2006",,545,5
India,Haryana,"Calendar Year (Jan - Dec), 2006",,838,4
India,Jammu and Kashmir,"Calendar Year (Jan - Dec), 2006",,23.475044641176804578400,0.978126860049033524100
India,Jharkhand,"Calendar Year (Jan - Dec), 2006",,0,0
India,Karnataka,"Calendar Year (Jan - Dec), 2006",,109,7
India,Kerala,"Calendar Year (Jan - Dec), 2006",,981,4
India,Ladakh,"Calendar Year (Jan - Dec), 2006",,0.524955358823195421600,0.021873139950966475900
India,Madhya Pradesh,"Calendar Year (Jan - Dec), 2006",,16,0
India,Maharashtra,"Calendar Year (Jan - Dec), 2006",,736,25
India,Manipur,"Calendar Year (Jan - Dec), 2006",,0,0
India,Meghalaya,"Calendar Year (Jan - Dec), 2006",,0,0
India,Nagaland,"Calendar Year (Jan - Dec), 2006",,0,0
India,Odisha,"Calendar Year (Jan - Dec), 2006",,1,0
India,Puducherry,"Calendar Year (Jan - Dec), 2006",,0,0
India,Punjab,"Calendar Year (Jan - Dec), 2006",,1166,6
India,Rajasthan,"Calendar Year (Jan - Dec), 2006",,1805,26
India,Sikkim,"Calendar Year (Jan - Dec), 2006",,0,0
India,Tamil Nadu,"Calendar Year (Jan - Dec), 2006",,477,2
India,Telangana,"Calendar Year (Jan - Dec), 2006",,81.528262361552909356180,7.035433807849743446980
India,The Dadra and Nagar Haveli and Daman and Diu,"Calendar Year (Jan - Dec), 2006",,0,0
India,Uttar Pradesh,"Calendar Year (Jan - Dec), 2006",,639,14
India,Uttarakhand,"Calendar Year (Jan - Dec), 2006",,0,0
India,West Bengal,"Calendar Year (Jan - Dec), 2006",,1230,8
India,Andhra Pradesh,"Calendar Year (Jan - Dec), 2005",,58.028944295463258749940,1.172301904958853712120
India,Bihar,"Calendar Year (Jan - Dec), 2005",,0,0
India,Chandigarh,"Calendar Year (Jan - Dec), 2005",,2,0
India,Delhi,"Calendar Year (Jan - Dec), 2005",,1023,9
India,Goa,"Calendar Year (Jan - Dec), 2005",,1,0
India,Gujarat,"Calendar Year (Jan - Dec), 2005",,454,11
India,Haryana,"Calendar Year (Jan - Dec), 2005",,183,1
India,Jammu and Kashmir,"Calendar Year (Jan - Dec), 2005",,0.000000000000000000000,0.000000000000000000000
India,Karnataka,"Calendar Year (Jan - Dec), 2005",,587,17
India,Kerala,"Calendar Year (Jan - Dec), 2005",,1028,8
India,Ladakh,"Calendar Year (Jan - Dec), 2005",,0.000000000000000000000,0.000000000000000000000
India,Madhya Pradesh,"Calendar Year (Jan - Dec), 2005",,0,0
India,Maharashtra,"Calendar Year (Jan - Dec), 2005",,349,56
India,Manipur,"Calendar Year (Jan - Dec), 2005",,0,0
India,Nagaland,"Calendar Year (Jan - Dec), 2005",,0,0
India,Odisha,"Calendar Year (Jan - Dec), 2005",,0,0
India,Puducherry,"Calendar Year (Jan - Dec), 2005",,0,0
India,Punjab,"Calendar Year (Jan - Dec), 2005",,251,2
India,Rajasthan,"Calendar Year (Jan - Dec), 2005",,370,5
India,Sikkim,"Calendar Year (Jan - Dec), 2005",,0,0
India,Tamil Nadu,"Calendar Year (Jan - Dec), 2005",,1142,8
India,Telangana,"Calendar Year (Jan - Dec), 2005",,40.971055704536741250060,0.827698095041146287880
India,Uttar Pradesh,"Calendar Year (Jan - Dec), 2005",,121,4
India,Uttarakhand,"Calendar Year (Jan - Dec), 2005",,0,0
India,West Bengal,"Calendar Year (Jan - Dec), 2005",,6375,34
India,Andhra Pradesh,"Calendar Year (Jan - Dec), 2004",,134.814719070268176893800,0.586150952479426856060
India,Bihar,"Calendar Year (Jan - Dec), 2004",,0,0
India,Chandigarh,"Calendar Year (Jan - Dec), 2004",,0,0
India,Delhi,"Calendar Year (Jan - Dec), 2004",,606,3
India,Goa,"Calendar Year (Jan - Dec), 2004",,3,0
India,Gujarat,"Calendar Year (Jan - Dec), 2004",,117,4
India,Haryana,"Calendar Year (Jan - Dec), 2004",,25,0
India,Jammu and Kashmir,"Calendar Year (Jan - Dec), 2004",,,
India,Karnataka,"Calendar Year (Jan - Dec), 2004",,291,2
India,Kerala,"Calendar Year (Jan - Dec), 2004",,686,8
India,Ladakh,"Calendar Year (Jan - Dec), 2004",,,
India,Madhya Pradesh,"Calendar Year (Jan - Dec), 2004",,,
India,Maharashtra,"Calendar Year (Jan - Dec), 2004",,856,22
India,Manipur,"Calendar Year (Jan - Dec), 2004",,,
India,Odisha,"Calendar Year (Jan - Dec), 2004",,0,0
India,Puducherry,"Calendar Year (Jan - Dec), 2004",,0,0
India,Punjab,"Calendar Year (Jan - Dec), 2004",,52,0
India,Rajasthan,"Calendar Year (Jan - Dec), 2004",,207,5
India,Sikkim,"Calendar Year (Jan - Dec), 2004",,12,0
India,Tamil Nadu,"Calendar Year (Jan - Dec), 2004",,1027,0
India,Telangana,"Calendar Year (Jan - Dec), 2004",,95.185280929731823106200,0.413849047520573143940
India,The Dadra and Nagar Haveli and Daman and Diu,"Calendar Year (Jan - Dec), 2004",,1,0
India,Uttar Pradesh,"Calendar Year (Jan - Dec), 2004",,8,0
India,West Bengal,"Calendar Year (Jan - Dec), 2004",,32,0
India,Andhra Pradesh,"Calendar Year (Jan - Dec), 2003",,55.684340485545551325700,2.930754762397134280300
India,Bihar,"Calendar Year (Jan - Dec), 2003",,0,0
India,Chandigarh,"Calendar Year (Jan - Dec), 2003",,0,0
India,Delhi,"Calendar Year (Jan - Dec), 2003",,2882,35
India,Goa,"Calendar Year (Jan - Dec), 2003",,12,2
India,Gujarat,"Calendar Year (Jan - Dec), 2003",,249,9
India,Haryana,"Calendar Year (Jan - Dec), 2003",,95,4
India,Jammu and Kashmir,"Calendar Year (Jan - Dec), 2003",,,
India,Karnataka,"Calendar Year (Jan - Dec), 2003",,1226,7
India,Kerala,"Calendar Year (Jan - Dec), 2003",,3546,68
India,Ladakh,"Calendar Year (Jan - Dec), 2003",,,
India,Madhya Pradesh,"Calendar Year (Jan - Dec), 2003",,,
India,Maharashtra,"Calendar Year (Jan - Dec), 2003",,772,45
India,Manipur,"Calendar Year (Jan - Dec), 2003",,,
India,Odisha,"Calendar Year (Jan - Dec), 2003",,0,0
India,Puducherry,"Calendar Year (Jan - Dec), 2003",,6,0
India,Punjab,"Calendar Year (Jan - Dec), 2003",,848,13
India,Rajasthan,"Calendar Year (Jan - Dec), 2003",,685,11
India,Sikkim,"Calendar Year (Jan - Dec), 2003",,0,0
India,Tamil Nadu,"Calendar Year (Jan - Dec), 2003",,1600,8
India,Telangana,"Calendar Year (Jan - Dec), 2003",,39.315659514454448674300,2.069245237602865719700
India,The Dadra and Nagar Haveli and Daman and Diu,"Calendar Year (Jan - Dec), 2003",,0,0
India,Uttar Pradesh,"Calendar Year (Jan - Dec), 2003",,738,8
India,West Bengal,"Calendar Year (Jan - Dec), 2003",,0,0
India,Andhra Pradesh,"Calendar Year (Jan - Dec), 2002",,35.755208101245038219660,1.758452857438280568180
India,Bihar,"Calendar Year (Jan - Dec), 2002",,1,0
India,Chandigarh,"Calendar Year (Jan - Dec), 2002",,15,0
India,Delhi,"Calendar Year (Jan - Dec), 2002",,45,2
India,Goa,"Calendar Year (Jan - Dec), 2002",,0,0
India,Gujarat,"Calendar Year (Jan - Dec), 2002",,40,0
India,Haryana,"Calendar Year (Jan - Dec), 2002",,3,0
India,Jammu and Kashmir,"Calendar Year (Jan - Dec), 2002",,,
India,Karnataka,"Calendar Year (Jan - Dec), 2002",,428,1
India,Kerala,"Calendar Year (Jan - Dec), 2002",,219,2
India,Ladakh,"Calendar Year (Jan - Dec), 2002",,,
India,Madhya Pradesh,"Calendar Year (Jan - Dec), 2002",,,
India,Maharashtra,"Calendar Year (Jan - Dec), 2002",,370,18
India,Odisha,"Calendar Year (Jan - Dec), 2002",,0,0
India,Puducherry,"Calendar Year (Jan - Dec), 2002",,0,0
India,Punjab,"Calendar Year (Jan - Dec), 2002",,27,2
India,Rajasthan,"Calendar Year (Jan - Dec), 2002",,325,5
India,Sikkim,"Calendar Year (Jan - Dec), 2002",,0,0
India,Tamil Nadu,"Calendar Year (Jan - Dec), 2002",,392,0
India,Telangana,"Calendar Year (Jan - Dec), 2002",,25.244791898754961780340,1.241547142561719431820
India,The Dadra and Nagar Haveli and Daman and Diu,"Calendar Year (Jan - Dec), 2002",,0,0
India,Uttar Pradesh,"Calendar Year (Jan - Dec), 2002",,0,0
India,West Bengal,"Calendar Year (Jan - Dec), 2002",,0,0
India,Andhra Pradesh,"Calendar Year (Jan - Dec), 2001",,0.586150952479426856060,0.000000000000000000000
India,Bihar,"Calendar Year (Jan - Dec), 2001",,0,0
India,Chandigarh,"Calendar Year (Jan - Dec), 2001",,0,0
India,Delhi,"Calendar Year (Jan - Dec), 2001",,322,3
India,Goa,"Calendar Year (Jan - Dec), 2001",,1,0
India,Gujarat,"Calendar Year (Jan - Dec), 2001",,69,0
India,Haryana,"Calendar Year (Jan - Dec), 2001",,260,5
India,Karnataka,"Calendar Year (Jan - Dec), 2001",,220,0
India,Kerala,"Calendar Year (Jan - Dec), 2001",,41,0
India,Maharashtra,"Calendar Year (Jan - Dec), 2001",,54,2
India,Odisha,"Calendar Year (Jan - Dec), 2001",,0,0
India,Puducherry,"Calendar Year (Jan - Dec), 2001",,0,0
India,Punjab,"Calendar Year (Jan - Dec), 2001",,49,0
India,Rajasthan,"Calendar Year (Jan - Dec), 2001",,1452,35
India,Sikkim,"Calendar Year (Jan - Dec), 2001",,,
India,Tamil Nadu,"Calendar Year (Jan - Dec), 2001",,816,8
India,Telangana,"Calendar Year (Jan - Dec), 2001",,0.413849047520573143940,0.000000000000000000000
India,The Dadra and Nagar Haveli and Daman and Diu,"Calendar Year (Jan - Dec), 2001",,0,0
India,Uttar Pradesh,"Calendar Year (Jan - Dec), 2001",,21,0
India,West Bengal,"Calendar Year (Jan - Dec), 2001",,0,0
India,Andhra Pradesh,"Calendar Year (Jan - Dec), 2000",,2.930754762397134280300,0.000000000000000000000
India,Bihar,"Calendar Year (Jan - Dec), 2000",,0,0
India,Chandigarh,"Calendar Year (Jan - Dec), 2000",,0,0
India,Delhi,"Calendar Year (Jan - Dec), 2000",,180,2
India,Goa,"Calendar Year (Jan - Dec), 2000",,0,0
India,Gujarat,"Calendar Year (Jan - Dec), 2000",,29,0
India,Haryana,"Calendar Year (Jan - Dec), 2000",,2,0
India,Karnataka,"Calendar Year (Jan - Dec), 2000",,196,0
India,Kerala,"Calendar Year (Jan - Dec), 2000",,0,0
India,Maharashtra,"Calendar Year (Jan - Dec), 2000",,66,3
India,Odisha,"Calendar Year (Jan - Dec), 2000",,0,0
India,Puducherry,"Calendar Year (Jan - Dec), 2000",,0,0
India,Punjab,"Calendar Year (Jan - Dec), 2000",,91,1
India,Rajasthan,"Calendar Year (Jan - Dec), 2000",,0,0
India,Sikkim,"Calendar Year (Jan - Dec), 2000",,,
India,Tamil Nadu,"Calendar Year (Jan - Dec), 2000",,81,1
India,Telangana,"Calendar Year (Jan - Dec), 2000",,2.069245237602865719700,0.000000000000000000000
India,The Dadra and Nagar Haveli and Daman and Diu,"Calendar Year (Jan - Dec), 2000",,0,0
India,Uttar Pradesh,"Calendar Year (Jan - Dec), 2000",,0,0
India,West Bengal,"Calendar Year (Jan - Dec), 2000",,0,0
India,Andhra Pradesh,"Calendar Year (Jan - Dec), 1999",,0.000000000000000000000,0.000000000000000000000
India,Bihar,"Calendar Year (Jan - Dec), 1999",,0,0
India,Chandigarh,"Calendar Year (Jan - Dec), 1999",,0,0
India,Delhi,"Calendar Year (Jan - Dec), 1999",,168,2
India,Goa,"Calendar Year (Jan - Dec), 1999",,0,0
India,Gujarat,"Calendar Year (Jan - Dec), 1999",,92,0
India,Haryana,"Calendar Year (Jan - Dec), 1999",,3,0
India,Karnataka,"Calendar Year (Jan - Dec), 1999",,39,0
India,Kerala,"Calendar Year (Jan - Dec), 1999",,0,0
India,Maharashtra,"Calendar Year (Jan - Dec), 1999",,59,12
India,Odisha,"Calendar Year (Jan - Dec), 1999",,0,0
India,Puducherry,"Calendar Year (Jan - Dec), 1999",,0,0
India,Punjab,"Calendar Year (Jan - Dec), 1999",,419,1
India,Rajasthan,"Calendar Year (Jan - Dec), 1999",,1,0
India,Sikkim,"Calendar Year (Jan - Dec), 1999",,,
India,Tamil Nadu,"Calendar Year (Jan - Dec), 1999",,135,2
India,Telangana,"Calendar Year (Jan - Dec), 1999",,0.000000000000000000000,0.000000000000000000000
India,The Dadra and Nagar Haveli and Daman and Diu,"Calendar Year (Jan - Dec), 1999",,0,0
India,Uttar Pradesh,"Calendar Year (Jan - Dec), 1999",,28,0
India,West Bengal,"Calendar Year (Jan - Dec), 1999",,0,0
