Country,State,Year,Additional Info,"Number Of Cases Due To Malaria (UOM:Number), Scaling Factor:1","Number Of Deaths Due To Malaria (UOM:Number), Scaling Factor:1"
India,Andaman And Nicobar Islands,"Calendar Year (Jan - Dec), 2022","Provisional,till December",46,0
India,Andhra Pradesh,"Calendar Year (Jan - Dec), 2022","Provisional,till December",2019,0
India,Arunachal Pradesh,"Calendar Year (Jan - Dec), 2022","Provisional,till December",17,0
India,Assam,"Calendar Year (Jan - Dec), 2022","Provisional,till December",280,0
India,Bihar,"Calendar Year (Jan - Dec), 2022","Provisional,till December",539,0
India,Chandigarh,"Calendar Year (Jan - Dec), 2022","Provisional,till December",1,0
India,Chhattisgarh,"Calendar Year (Jan - Dec), 2022","Provisional,till December",30028,11
India,Delhi,"Calendar Year (Jan - Dec), 2022","Provisional,till December",173,0
India,Goa,"Calendar Year (Jan - Dec), 2022","Provisional,till December",2,0
India,Gujarat,"Calendar Year (Jan - Dec), 2022","Provisional,till December",4766,0
India,Haryana,"Calendar Year (Jan - Dec), 2022","Provisional,till December",50,0
India,Himachal Pradesh,"Calendar Year (Jan - Dec), 2022","Provisional,till December",10,0
India,Jammu And Kashmir,"Calendar Year (Jan - Dec), 2022","Provisional,till December",37,0
India,Jharkhand,"Calendar Year (Jan - Dec), 2022","Provisional,till December",19129,4
India,Karnataka,"Calendar Year (Jan - Dec), 2022","Provisional,till December",279,0
India,Kerala,"Calendar Year (Jan - Dec), 2022","Provisional,till December",439,0
India,Ladakh,"Calendar Year (Jan - Dec), 2022","Provisional,till December",0,0
India,Lakshadweep,"Calendar Year (Jan - Dec), 2022","Provisional,till December",0,0
India,Madhya Pradesh,"Calendar Year (Jan - Dec), 2022","Provisional,till December",3719,0
India,Maharashtra,"Calendar Year (Jan - Dec), 2022","Provisional,till December",15437,25
India,Manipur,"Calendar Year (Jan - Dec), 2022","Provisional,till December",14,0
India,Meghalaya,"Calendar Year (Jan - Dec), 2022","Provisional,till December",463,6
India,Mizoram,"Calendar Year (Jan - Dec), 2022","Provisional,till December",10222,8
India,Nagaland,"Calendar Year (Jan - Dec), 2022","Provisional,till December",8,0
India,Odisha,"Calendar Year (Jan - Dec), 2022","Provisional,till December",23770,5
India,Puducherry,"Calendar Year (Jan - Dec), 2022","Provisional,till December",0,0
India,Punjab,"Calendar Year (Jan - Dec), 2022","Provisional,till December",109,0
India,Rajasthan,"Calendar Year (Jan - Dec), 2022","Provisional,till December",1026,0
India,Sikkim,"Calendar Year (Jan - Dec), 2022","Provisional,till December",6,0
India,Tamil Nadu,"Calendar Year (Jan - Dec), 2022","Provisional,till December",344,0
India,Telangana,"Calendar Year (Jan - Dec), 2022","Provisional,till December",611,0
India,The Dadra And Nagar Haveli And Daman And Diu,"Calendar Year (Jan - Dec), 2022","Provisional,till December",39.00000000000000000000,0.00000000000000000000
India,Tripura,"Calendar Year (Jan - Dec), 2022","Provisional,till December",12771,2
India,Uttar Pradesh,"Calendar Year (Jan - Dec), 2022","Provisional,till December",7039,0
India,Uttarakhand,"Calendar Year (Jan - Dec), 2022","Provisional,till December",19,0
India,West Bengal,"Calendar Year (Jan - Dec), 2022","Provisional,till December",40563,3
India,Andaman And Nicobar Islands,"Calendar Year (Jan - Dec), 2021",,27,0
India,Andhra Pradesh,"Calendar Year (Jan - Dec), 2021",,1315,0
India,Arunachal Pradesh,"Calendar Year (Jan - Dec), 2021",,8,0
India,Assam,"Calendar Year (Jan - Dec), 2021",,162,0
India,Bihar,"Calendar Year (Jan - Dec), 2021",,647,0
India,Chandigarh,"Calendar Year (Jan - Dec), 2021",,6,0
India,Chhattisgarh,"Calendar Year (Jan - Dec), 2021",,29733,38
India,Delhi,"Calendar Year (Jan - Dec), 2021",,167,0
India,Goa,"Calendar Year (Jan - Dec), 2021",,90,0
India,Gujarat,"Calendar Year (Jan - Dec), 2021",,4921,0
India,Haryana,"Calendar Year (Jan - Dec), 2021",,54,0
India,Himachal Pradesh,"Calendar Year (Jan - Dec), 2021",,15,0
India,Jammu And Kashmir,"Calendar Year (Jan - Dec), 2021",,31,0
India,Jharkhand,"Calendar Year (Jan - Dec), 2021",,14198,0
India,Karnataka,"Calendar Year (Jan - Dec), 2021",,913,2
India,Kerala,"Calendar Year (Jan - Dec), 2021",,309,1
India,Ladakh,"Calendar Year (Jan - Dec), 2021",,0,0
India,Lakshadweep,"Calendar Year (Jan - Dec), 2021",,1,0
India,Madhya Pradesh,"Calendar Year (Jan - Dec), 2021",,3181,2
India,Maharashtra,"Calendar Year (Jan - Dec), 2021",,19303,14
India,Manipur,"Calendar Year (Jan - Dec), 2021",,19,0
India,Meghalaya,"Calendar Year (Jan - Dec), 2021",,491,3
India,Mizoram,"Calendar Year (Jan - Dec), 2021",,8018,10
India,Nagaland,"Calendar Year (Jan - Dec), 2021",,8,0
India,Odisha,"Calendar Year (Jan - Dec), 2021",,25503,13
India,Puducherry,"Calendar Year (Jan - Dec), 2021",,5,0
India,Punjab,"Calendar Year (Jan - Dec), 2021",,71,0
India,Rajasthan,"Calendar Year (Jan - Dec), 2021",,925,0
India,Sikkim,"Calendar Year (Jan - Dec), 2021",,4,0
India,Tamil Nadu,"Calendar Year (Jan - Dec), 2021",,772,0
India,Telangana,"Calendar Year (Jan - Dec), 2021",,874,0
India,The Dadra And Nagar Haveli And Daman And Diu,"Calendar Year (Jan - Dec), 2021",,54.00000000000000000000,0.00000000000000000000
India,Tripura,"Calendar Year (Jan - Dec), 2021",,10136,4
India,Uttar Pradesh,"Calendar Year (Jan - Dec), 2021",,13,0
India,Uttarakhand,"Calendar Year (Jan - Dec), 2021",,10792,0
India,West Bengal,"Calendar Year (Jan - Dec), 2021",,28987,3
India,Andaman And Nicobar Islands,"Calendar Year (Jan - Dec), 2020",,85,2
India,Andhra Pradesh,"Calendar Year (Jan - Dec), 2020",,2027,0
India,Arunachal Pradesh,"Calendar Year (Jan - Dec), 2020",,33,0
India,Assam,"Calendar Year (Jan - Dec), 2020",,484,2
India,Bihar,"Calendar Year (Jan - Dec), 2020",,518,0
India,Chandigarh,"Calendar Year (Jan - Dec), 2020",,7,0
India,Chhattisgarh,"Calendar Year (Jan - Dec), 2020",,36667,34
India,Delhi,"Calendar Year (Jan - Dec), 2020",,135,1
India,Goa,"Calendar Year (Jan - Dec), 2020",,102,0
India,Gujarat,"Calendar Year (Jan - Dec), 2020",,4771,1
India,Haryana,"Calendar Year (Jan - Dec), 2020",,111,0
India,Himachal Pradesh,"Calendar Year (Jan - Dec), 2020",,34,0
India,Jammu And Kashmir,"Calendar Year (Jan - Dec), 2020",,37,0
India,Jharkhand,"Calendar Year (Jan - Dec), 2020",,16653,8
India,Karnataka,"Calendar Year (Jan - Dec), 2020",,1701,1
India,Kerala,"Calendar Year (Jan - Dec), 2020",,268,1
India,Ladakh,"Calendar Year (Jan - Dec), 2020",,0,0
India,Lakshadweep,"Calendar Year (Jan - Dec), 2020",,6,0
India,Madhya Pradesh,"Calendar Year (Jan - Dec), 2020",,6760,1
India,Maharashtra,"Calendar Year (Jan - Dec), 2020",,15215,12
India,Manipur,"Calendar Year (Jan - Dec), 2020",,36,2
India,Meghalaya,"Calendar Year (Jan - Dec), 2020",,2018,4
India,Mizoram,"Calendar Year (Jan - Dec), 2020",,7781,6
India,Nagaland,"Calendar Year (Jan - Dec), 2020",,12,0
India,Odisha,"Calendar Year (Jan - Dec), 2020",,41739,9
India,Puducherry,"Calendar Year (Jan - Dec), 2020",,15,0
India,Punjab,"Calendar Year (Jan - Dec), 2020",,109,0
India,Rajasthan,"Calendar Year (Jan - Dec), 2020",,1276,0
India,Sikkim,"Calendar Year (Jan - Dec), 2020",,4,0
India,Tamil Nadu,"Calendar Year (Jan - Dec), 2020",,891,0
India,Telangana,"Calendar Year (Jan - Dec), 2020",,870,0
India,The Dadra And Nagar Haveli And Daman And Diu,"Calendar Year (Jan - Dec), 2020",,40.00000000000000000000,0.00000000000000000000
India,Tripura,"Calendar Year (Jan - Dec), 2020",,3395,2
India,Uttar Pradesh,"Calendar Year (Jan - Dec), 2020",,28668,0
India,Uttarakhand,"Calendar Year (Jan - Dec), 2020",,15,0
India,West Bengal,"Calendar Year (Jan - Dec), 2020",,14049,7
India,Andaman And Nicobar Islands,"Calendar Year (Jan - Dec), 2019",,202,0
India,Andhra Pradesh,"Calendar Year (Jan - Dec), 2019",,3104,0
India,Arunachal Pradesh,"Calendar Year (Jan - Dec), 2019",,139,0
India,Assam,"Calendar Year (Jan - Dec), 2019",,1459,4
India,Bihar,"Calendar Year (Jan - Dec), 2019",,1608,0
India,Chandigarh,"Calendar Year (Jan - Dec), 2019",,22,0
India,Chhattisgarh,"Calendar Year (Jan - Dec), 2019",,60458,31
India,Delhi,"Calendar Year (Jan - Dec), 2019",,713,0
India,Goa,"Calendar Year (Jan - Dec), 2019",,272,0
India,Gujarat,"Calendar Year (Jan - Dec), 2019",,13883,1
India,Haryana,"Calendar Year (Jan - Dec), 2019",,1497,0
India,Himachal Pradesh,"Calendar Year (Jan - Dec), 2019",,109,0
India,Jammu And Kashmir,"Calendar Year (Jan - Dec), 2019",,105,0
India,Jharkhand,"Calendar Year (Jan - Dec), 2019",,37133,2
India,Karnataka,"Calendar Year (Jan - Dec), 2019",,3499,0
India,Kerala,"Calendar Year (Jan - Dec), 2019",,656,0
India,Ladakh,"Calendar Year (Jan - Dec), 2019",,0,0
India,Lakshadweep,"Calendar Year (Jan - Dec), 2019",,11,0
India,Madhya Pradesh,"Calendar Year (Jan - Dec), 2019",,14147,3
India,Maharashtra,"Calendar Year (Jan - Dec), 2019",,8866,7
India,Manipur,"Calendar Year (Jan - Dec), 2019",,16,0
India,Meghalaya,"Calendar Year (Jan - Dec), 2019",,2615,4
India,Mizoram,"Calendar Year (Jan - Dec), 2019",,8543,8
India,Nagaland,"Calendar Year (Jan - Dec), 2019",,20,0
India,Odisha,"Calendar Year (Jan - Dec), 2019",,39556,9
India,Puducherry,"Calendar Year (Jan - Dec), 2019",,21,0
India,Punjab,"Calendar Year (Jan - Dec), 2019",,1139,0
India,Rajasthan,"Calendar Year (Jan - Dec), 2019",,3421,1
India,Sikkim,"Calendar Year (Jan - Dec), 2019",,7,0
India,Tamil Nadu,"Calendar Year (Jan - Dec), 2019",,2088,0
India,Telangana,"Calendar Year (Jan - Dec), 2019",,1711,0
India,The Dadra And Nagar Haveli And Daman And Diu,"Calendar Year (Jan - Dec), 2019",,81.00000000000000000000,0.00000000000000000000
India,Tripura,"Calendar Year (Jan - Dec), 2019",,12437,1
India,Uttar Pradesh,"Calendar Year (Jan - Dec), 2019",,92732,0
India,Uttarakhand,"Calendar Year (Jan - Dec), 2019",,296,0
India,West Bengal,"Calendar Year (Jan - Dec), 2019",,25928,6
India,Andaman And Nicobar Islands,"Calendar Year (Jan - Dec), 2018",,259,0
India,Andhra Pradesh,"Calendar Year (Jan - Dec), 2018",,6040,0
India,Arunachal Pradesh,"Calendar Year (Jan - Dec), 2018",,625,0
India,Assam,"Calendar Year (Jan - Dec), 2018",,3816,2
India,Bihar,"Calendar Year (Jan - Dec), 2018",,1536,0
India,Chandigarh,"Calendar Year (Jan - Dec), 2018",,44,0
India,Chhattisgarh,"Calendar Year (Jan - Dec), 2018",,78717,39
India,Delhi,"Calendar Year (Jan - Dec), 2018",,473,0
India,Goa,"Calendar Year (Jan - Dec), 2018",,377,0
India,Gujarat,"Calendar Year (Jan - Dec), 2018",,22114,2
India,Haryana,"Calendar Year (Jan - Dec), 2018",,3149,0
India,Himachal Pradesh,"Calendar Year (Jan - Dec), 2018",,98,0
India,Jammu And Kashmir,"Calendar Year (Jan - Dec), 2018",,168,0
India,Jharkhand,"Calendar Year (Jan - Dec), 2018",,57095,4
India,Karnataka,"Calendar Year (Jan - Dec), 2018",,5721,0
India,Kerala,"Calendar Year (Jan - Dec), 2018",,908,0
India,Ladakh,"Calendar Year (Jan - Dec), 2018",,0,0
India,Lakshadweep,"Calendar Year (Jan - Dec), 2018",,5,0
India,Madhya Pradesh,"Calendar Year (Jan - Dec), 2018",,22279,1
India,Maharashtra,"Calendar Year (Jan - Dec), 2018",,10757,13
India,Manipur,"Calendar Year (Jan - Dec), 2018",,12,0
India,Meghalaya,"Calendar Year (Jan - Dec), 2018",,6394,6
India,Mizoram,"Calendar Year (Jan - Dec), 2018",,4296,3
India,Nagaland,"Calendar Year (Jan - Dec), 2018",,113,0
India,Odisha,"Calendar Year (Jan - Dec), 2018",,66311,3
India,Puducherry,"Calendar Year (Jan - Dec), 2018",,54,1
India,Punjab,"Calendar Year (Jan - Dec), 2018",,624,0
India,Rajasthan,"Calendar Year (Jan - Dec), 2018",,5728,0
India,Sikkim,"Calendar Year (Jan - Dec), 2018",,6,0
India,Tamil Nadu,"Calendar Year (Jan - Dec), 2018",,3758,0
India,Telangana,"Calendar Year (Jan - Dec), 2018",,1792,0
India,The Dadra And Nagar Haveli And Daman And Diu,"Calendar Year (Jan - Dec), 2018",,245.00000000000000000000,1.00000000000000000000
India,Tripura,"Calendar Year (Jan - Dec), 2018",,13079,13
India,Uttar Pradesh,"Calendar Year (Jan - Dec), 2018",,86486,0
India,Uttarakhand,"Calendar Year (Jan - Dec), 2018",,409,0
India,West Bengal,"Calendar Year (Jan - Dec), 2018",,26440,8
India,Andaman And Nicobar Islands,"Calendar Year (Jan - Dec), 2017",,505,0
India,Andhra Pradesh,"Calendar Year (Jan - Dec), 2017",,16972,0
India,Arunachal Pradesh,"Calendar Year (Jan - Dec), 2017",,1546,0
India,Assam,"Calendar Year (Jan - Dec), 2017",,5281,0
India,Bihar,"Calendar Year (Jan - Dec), 2017",,4020,2
India,Chandigarh,"Calendar Year (Jan - Dec), 2017",,114,0
India,Chhattisgarh,"Calendar Year (Jan - Dec), 2017",,140727,81
India,Delhi,"Calendar Year (Jan - Dec), 2017",,577,0
India,Goa,"Calendar Year (Jan - Dec), 2017",,653,1
India,Gujarat,"Calendar Year (Jan - Dec), 2017",,38588,7
India,Haryana,"Calendar Year (Jan - Dec), 2017",,5696,0
India,Himachal Pradesh,"Calendar Year (Jan - Dec), 2017",,96,0
India,Jammu And Kashmir,"Calendar Year (Jan - Dec), 2017",,226,0
India,Jharkhand,"Calendar Year (Jan - Dec), 2017",,94114,0
India,Karnataka,"Calendar Year (Jan - Dec), 2017",,7381,0
India,Kerala,"Calendar Year (Jan - Dec), 2017",,1192,2
India,Ladakh,"Calendar Year (Jan - Dec), 2017",,0,0
India,Lakshadweep,"Calendar Year (Jan - Dec), 2017",,1,0
India,Madhya Pradesh,"Calendar Year (Jan - Dec), 2017",,47541,5
India,Maharashtra,"Calendar Year (Jan - Dec), 2017",,17710,20
India,Manipur,"Calendar Year (Jan - Dec), 2017",,80,0
India,Meghalaya,"Calendar Year (Jan - Dec), 2017",,16454,12
India,Mizoram,"Calendar Year (Jan - Dec), 2017",,5715,4
India,Nagaland,"Calendar Year (Jan - Dec), 2017",,394,1
India,Odisha,"Calendar Year (Jan - Dec), 2017",,347860,24
India,Puducherry,"Calendar Year (Jan - Dec), 2017",,60,0
India,Punjab,"Calendar Year (Jan - Dec), 2017",,805,0
India,Rajasthan,"Calendar Year (Jan - Dec), 2017",,10607,0
India,Sikkim,"Calendar Year (Jan - Dec), 2017",,14,0
India,Tamil Nadu,"Calendar Year (Jan - Dec), 2017",,5444,0
India,Telangana,"Calendar Year (Jan - Dec), 2017",,2688,0
India,The Dadra And Nagar Haveli And Daman And Diu,"Calendar Year (Jan - Dec), 2017",,328.00000000000000000000,0.00000000000000000000
India,Tripura,"Calendar Year (Jan - Dec), 2017",,7051,6
India,Uttar Pradesh,"Calendar Year (Jan - Dec), 2017",,32345,0
India,Uttarakhand,"Calendar Year (Jan - Dec), 2017",,508,0
India,West Bengal,"Calendar Year (Jan - Dec), 2017",,31265,29
India,Andaman And Nicobar Islands,"Calendar Year (Jan - Dec), 2016",,485,0
India,Andhra Pradesh,"Calendar Year (Jan - Dec), 2016",,23613,0
India,Arunachal Pradesh,"Calendar Year (Jan - Dec), 2016",,3128,2
India,Assam,"Calendar Year (Jan - Dec), 2016",,7826,6
India,Bihar,"Calendar Year (Jan - Dec), 2016",,5189,0
India,Chandigarh,"Calendar Year (Jan - Dec), 2016",,157,0
India,Chhattisgarh,"Calendar Year (Jan - Dec), 2016",,148220,61
India,Delhi,"Calendar Year (Jan - Dec), 2016",,31,0
India,Goa,"Calendar Year (Jan - Dec), 2016",,742,0
India,Gujarat,"Calendar Year (Jan - Dec), 2016",,44783,6
India,Haryana,"Calendar Year (Jan - Dec), 2016",,7866,0
India,Himachal Pradesh,"Calendar Year (Jan - Dec), 2016",,106,0
India,Jammu And Kashmir,"Calendar Year (Jan - Dec), 2016",,242,0
India,Jharkhand,"Calendar Year (Jan - Dec), 2016",,141414,15
India,Karnataka,"Calendar Year (Jan - Dec), 2016",,11078,0
India,Kerala,"Calendar Year (Jan - Dec), 2016",,1547,2
India,Ladakh,"Calendar Year (Jan - Dec), 2016",,0,0
India,Lakshadweep,"Calendar Year (Jan - Dec), 2016",,2,0
India,Madhya Pradesh,"Calendar Year (Jan - Dec), 2016",,69106,3
India,Maharashtra,"Calendar Year (Jan - Dec), 2016",,23983,26
India,Manipur,"Calendar Year (Jan - Dec), 2016",,122,0
India,Meghalaya,"Calendar Year (Jan - Dec), 2016",,35147,45
India,Mizoram,"Calendar Year (Jan - Dec), 2016",,7583,9
India,Nagaland,"Calendar Year (Jan - Dec), 2016",,828,0
India,Odisha,"Calendar Year (Jan - Dec), 2016",,444843,77
India,Puducherry,"Calendar Year (Jan - Dec), 2016",,76,0
India,Punjab,"Calendar Year (Jan - Dec), 2016",,693,0
India,Rajasthan,"Calendar Year (Jan - Dec), 2016",,12741,5
India,Sikkim,"Calendar Year (Jan - Dec), 2016",,15,0
India,Tamil Nadu,"Calendar Year (Jan - Dec), 2016",,4341,0
India,Telangana,"Calendar Year (Jan - Dec), 2016",,3512,1
India,The Dadra And Nagar Haveli And Daman And Diu,"Calendar Year (Jan - Dec), 2016",,423.00000000000000000000,0.00000000000000000000
India,Tripura,"Calendar Year (Jan - Dec), 2016",,10546,14
India,Uttar Pradesh,"Calendar Year (Jan - Dec), 2016",,40700,0
India,Uttarakhand,"Calendar Year (Jan - Dec), 2016",,961,0
India,West Bengal,"Calendar Year (Jan - Dec), 2016",,35236,59
India,Andaman And Nicobar Islands,"Calendar Year (Jan - Dec), 2015",,409,0
India,Andhra Pradesh,"Calendar Year (Jan - Dec), 2015",,25042,0
India,Arunachal Pradesh,"Calendar Year (Jan - Dec), 2015",,5088,7
India,Assam,"Calendar Year (Jan - Dec), 2015",,15557,4
India,Bihar,"Calendar Year (Jan - Dec), 2015",,4006,1
India,Chandigarh,"Calendar Year (Jan - Dec), 2015",,152,1
India,Chhattisgarh,"Calendar Year (Jan - Dec), 2015",,144886,21
India,Delhi,"Calendar Year (Jan - Dec), 2015",,54,0
India,Goa,"Calendar Year (Jan - Dec), 2015",,651,1
India,Gujarat,"Calendar Year (Jan - Dec), 2015",,41566,7
India,Haryana,"Calendar Year (Jan - Dec), 2015",,9308,3
India,Himachal Pradesh,"Calendar Year (Jan - Dec), 2015",,60,0
India,Jammu And Kashmir,"Calendar Year (Jan - Dec), 2015",,216,0
India,Jharkhand,"Calendar Year (Jan - Dec), 2015",,104800,6
India,Karnataka,"Calendar Year (Jan - Dec), 2015",,12445,0
India,Kerala,"Calendar Year (Jan - Dec), 2015",,1549,4
India,Ladakh,"Calendar Year (Jan - Dec), 2015",,0,0
India,Lakshadweep,"Calendar Year (Jan - Dec), 2015",,4,0
India,Madhya Pradesh,"Calendar Year (Jan - Dec), 2015",,100597,24
India,Maharashtra,"Calendar Year (Jan - Dec), 2015",,56603,59
India,Manipur,"Calendar Year (Jan - Dec), 2015",,216,0
India,Meghalaya,"Calendar Year (Jan - Dec), 2015",,48603,79
India,Mizoram,"Calendar Year (Jan - Dec), 2015",,28593,21
India,Nagaland,"Calendar Year (Jan - Dec), 2015",,1527,3
India,Odisha,"Calendar Year (Jan - Dec), 2015",,436850,80
India,Puducherry,"Calendar Year (Jan - Dec), 2015",,54,1
India,Punjab,"Calendar Year (Jan - Dec), 2015",,596,0
India,Rajasthan,"Calendar Year (Jan - Dec), 2015",,11796,3
India,Sikkim,"Calendar Year (Jan - Dec), 2015",,27,0
India,Tamil Nadu,"Calendar Year (Jan - Dec), 2015",,5587,0
India,Telangana,"Calendar Year (Jan - Dec), 2015",,10951,4
India,The Dadra And Nagar Haveli And Daman And Diu,"Calendar Year (Jan - Dec), 2015",,502.00000000000000000000,0.00000000000000000000
India,Tripura,"Calendar Year (Jan - Dec), 2015",,32525,21
India,Uttar Pradesh,"Calendar Year (Jan - Dec), 2015",,42767,0
India,Uttarakhand,"Calendar Year (Jan - Dec), 2015",,1466,0
India,West Bengal,"Calendar Year (Jan - Dec), 2015",,24208,34
India,Andaman And Nicobar Islands,"Calendar Year (Jan - Dec), 2014",,557,0
India,Andhra Pradesh,"Calendar Year (Jan - Dec), 2014",,21077,0
India,Arunachal Pradesh,"Calendar Year (Jan - Dec), 2014",,6082,9
India,Assam,"Calendar Year (Jan - Dec), 2014",,14540,11
India,Bihar,"Calendar Year (Jan - Dec), 2014",,2043,0
India,Chandigarh,"Calendar Year (Jan - Dec), 2014",,114,0
India,Chhattisgarh,"Calendar Year (Jan - Dec), 2014",,128993,53
India,Delhi,"Calendar Year (Jan - Dec), 2014",,98,0
India,Goa,"Calendar Year (Jan - Dec), 2014",,824,0
India,Gujarat,"Calendar Year (Jan - Dec), 2014",,41608,16
India,Haryana,"Calendar Year (Jan - Dec), 2014",,4485,1
India,Himachal Pradesh,"Calendar Year (Jan - Dec), 2014",,102,0
India,Jammu And Kashmir,"Calendar Year (Jan - Dec), 2014",,284.63491627426875551310,0.00000000000000000000
India,Jharkhand,"Calendar Year (Jan - Dec), 2014",,103735,8
India,Karnataka,"Calendar Year (Jan - Dec), 2014",,14794,2
India,Kerala,"Calendar Year (Jan - Dec), 2014",,1751,6
India,Ladakh,"Calendar Year (Jan - Dec), 2014",,6.36508372573124448690,0.00000000000000000000
India,Lakshadweep,"Calendar Year (Jan - Dec), 2014",,0,0
India,Madhya Pradesh,"Calendar Year (Jan - Dec), 2014",,96879,26
India,Maharashtra,"Calendar Year (Jan - Dec), 2014",,53385,68
India,Manipur,"Calendar Year (Jan - Dec), 2014",,145,0
India,Meghalaya,"Calendar Year (Jan - Dec), 2014",,39168,73
India,Mizoram,"Calendar Year (Jan - Dec), 2014",,23145,31
India,Nagaland,"Calendar Year (Jan - Dec), 2014",,1936,2
India,Odisha,"Calendar Year (Jan - Dec), 2014",,395035,89
India,Puducherry,"Calendar Year (Jan - Dec), 2014",,79,0
India,Punjab,"Calendar Year (Jan - Dec), 2014",,1036,0
India,Rajasthan,"Calendar Year (Jan - Dec), 2014",,15118,4
India,Sikkim,"Calendar Year (Jan - Dec), 2014",,35,0
India,Tamil Nadu,"Calendar Year (Jan - Dec), 2014",,8729,0
India,Telangana,"Calendar Year (Jan - Dec), 2014",,5189,0
India,The Dadra And Nagar Haveli And Daman And Diu,"Calendar Year (Jan - Dec), 2014",,725.00000000000000000000,1.00000000000000000000
India,Tripura,"Calendar Year (Jan - Dec), 2014",,51240,96
India,Uttar Pradesh,"Calendar Year (Jan - Dec), 2014",,41612,0
India,Uttarakhand,"Calendar Year (Jan - Dec), 2014",,1171,0
India,West Bengal,"Calendar Year (Jan - Dec), 2014",,26484,66
India,Andaman And Nicobar Islands,"Calendar Year (Jan - Dec), 2013",,1005,0
India,Andhra Pradesh,"Calendar Year (Jan - Dec), 2013",,19787,0
India,Arunachal Pradesh,"Calendar Year (Jan - Dec), 2013",,6398,21
India,Assam,"Calendar Year (Jan - Dec), 2013",,19542,7
India,Bihar,"Calendar Year (Jan - Dec), 2013",,2693,1
India,Chandigarh,"Calendar Year (Jan - Dec), 2013",,150,0
India,Chhattisgarh,"Calendar Year (Jan - Dec), 2013",,110145,43
India,Delhi,"Calendar Year (Jan - Dec), 2013",,353,0
India,Goa,"Calendar Year (Jan - Dec), 2013",,1530,0
India,Gujarat,"Calendar Year (Jan - Dec), 2013",,58513,38
India,Haryana,"Calendar Year (Jan - Dec), 2013",,14471,3
India,Himachal Pradesh,"Calendar Year (Jan - Dec), 2013",,141,0
India,Jammu And Kashmir,"Calendar Year (Jan - Dec), 2013",,682.73254831422539982180,0.00000000000000000000
India,Jharkhand,"Calendar Year (Jan - Dec), 2013",,97786,8
India,Karnataka,"Calendar Year (Jan - Dec), 2013",,13302,0
India,Kerala,"Calendar Year (Jan - Dec), 2013",,1634,0
India,Ladakh,"Calendar Year (Jan - Dec), 2013",,15.26745168577460017820,0.00000000000000000000
India,Lakshadweep,"Calendar Year (Jan - Dec), 2013",,8,0
India,Madhya Pradesh,"Calendar Year (Jan - Dec), 2013",,78260,49
India,Maharashtra,"Calendar Year (Jan - Dec), 2013",,43677,80
India,Manipur,"Calendar Year (Jan - Dec), 2013",,120,0
India,Meghalaya,"Calendar Year (Jan - Dec), 2013",,24727,62
India,Mizoram,"Calendar Year (Jan - Dec), 2013",,11747,21
India,Nagaland,"Calendar Year (Jan - Dec), 2013",,2285,1
India,Odisha,"Calendar Year (Jan - Dec), 2013",,228858,67
India,Puducherry,"Calendar Year (Jan - Dec), 2013",,127,0
India,Punjab,"Calendar Year (Jan - Dec), 2013",,1760,0
India,Rajasthan,"Calendar Year (Jan - Dec), 2013",,33139,15
India,Sikkim,"Calendar Year (Jan - Dec), 2013",,39,0
India,Tamil Nadu,"Calendar Year (Jan - Dec), 2013",,15081,0
India,Telangana,"Calendar Year (Jan - Dec), 2013",,,
India,The Dadra And Nagar Haveli And Daman And Diu,"Calendar Year (Jan - Dec), 2013",,1869.00000000000000000000,0.00000000000000000000
India,Tripura,"Calendar Year (Jan - Dec), 2013",,7396,7
India,Uttar Pradesh,"Calendar Year (Jan - Dec), 2013",,48346,0
India,Uttarakhand,"Calendar Year (Jan - Dec), 2013",,1426,0
India,West Bengal,"Calendar Year (Jan - Dec), 2013",,34717,17
India,Andaman And Nicobar Islands,"Calendar Year (Jan - Dec), 2012",,1539,0
India,Andhra Pradesh,"Calendar Year (Jan - Dec), 2012",,24699,2
India,Arunachal Pradesh,"Calendar Year (Jan - Dec), 2012",,8368,15
India,Assam,"Calendar Year (Jan - Dec), 2012",,29999,13
India,Bihar,"Calendar Year (Jan - Dec), 2012",,2605,0
India,Chandigarh,"Calendar Year (Jan - Dec), 2012",,201,0
India,Chhattisgarh,"Calendar Year (Jan - Dec), 2012",,124006,90
India,Delhi,"Calendar Year (Jan - Dec), 2012",,382,0
India,Goa,"Calendar Year (Jan - Dec), 2012",,1714,0
India,Gujarat,"Calendar Year (Jan - Dec), 2012",,76246,29
India,Haryana,"Calendar Year (Jan - Dec), 2012",,26819,1
India,Himachal Pradesh,"Calendar Year (Jan - Dec), 2012",,216,0
India,Jammu And Kashmir,"Calendar Year (Jan - Dec), 2012",,845.10160708236496482240,0.00000000000000000000
India,Jharkhand,"Calendar Year (Jan - Dec), 2012",,131476,10
India,Karnataka,"Calendar Year (Jan - Dec), 2012",,16466,0
India,Kerala,"Calendar Year (Jan - Dec), 2012",,2036,3
India,Ladakh,"Calendar Year (Jan - Dec), 2012",,18.89839291763503517760,0.00000000000000000000
India,Lakshadweep,"Calendar Year (Jan - Dec), 2012",,9,0
India,Madhya Pradesh,"Calendar Year (Jan - Dec), 2012",,76538,43
India,Maharashtra,"Calendar Year (Jan - Dec), 2012",,58517,96
India,Manipur,"Calendar Year (Jan - Dec), 2012",,255,0
India,Meghalaya,"Calendar Year (Jan - Dec), 2012",,20834,52
India,Mizoram,"Calendar Year (Jan - Dec), 2012",,9883,25
India,Nagaland,"Calendar Year (Jan - Dec), 2012",,2891,1
India,Odisha,"Calendar Year (Jan - Dec), 2012",,262842,79
India,Puducherry,"Calendar Year (Jan - Dec), 2012",,143,0
India,Punjab,"Calendar Year (Jan - Dec), 2012",,1689,0
India,Rajasthan,"Calendar Year (Jan - Dec), 2012",,45809,22
India,Sikkim,"Calendar Year (Jan - Dec), 2012",,77,0
India,Tamil Nadu,"Calendar Year (Jan - Dec), 2012",,18869,0
India,Telangana,"Calendar Year (Jan - Dec), 2012",,,
India,The Dadra And Nagar Haveli And Daman And Diu,"Calendar Year (Jan - Dec), 2012",,5126.00000000000000000000,1.00000000000000000000
India,Tripura,"Calendar Year (Jan - Dec), 2012",,11565,7
India,Uttar Pradesh,"Calendar Year (Jan - Dec), 2012",,47400,0
India,Uttarakhand,"Calendar Year (Jan - Dec), 2012",,1948,0
India,West Bengal,"Calendar Year (Jan - Dec), 2012",,55793,30
India,Andaman And Nicobar Islands,"Calendar Year (Jan - Dec), 2011",,1918,0
India,Andhra Pradesh,"Calendar Year (Jan - Dec), 2011",,34949,5
India,Arunachal Pradesh,"Calendar Year (Jan - Dec), 2011",,13950,17
India,Assam,"Calendar Year (Jan - Dec), 2011",,47397,45
India,Bihar,"Calendar Year (Jan - Dec), 2011",,2643,0
India,Chandigarh,"Calendar Year (Jan - Dec), 2011",,582,0
India,Chhattisgarh,"Calendar Year (Jan - Dec), 2011",,136899,42
India,Delhi,"Calendar Year (Jan - Dec), 2011",,413,0
India,Goa,"Calendar Year (Jan - Dec), 2011",,1187,3
India,Gujarat,"Calendar Year (Jan - Dec), 2011",,89764,127
India,Haryana,"Calendar Year (Jan - Dec), 2011",,33401,1
India,Himachal Pradesh,"Calendar Year (Jan - Dec), 2011",,247,0
India,Jammu And Kashmir,"Calendar Year (Jan - Dec), 2011",,1067.13640431349557479310,0.00000000000000000000
India,Jharkhand,"Calendar Year (Jan - Dec), 2011",,160653,17
India,Karnataka,"Calendar Year (Jan - Dec), 2011",,24237,0
India,Kerala,"Calendar Year (Jan - Dec), 2011",,1993,2
India,Ladakh,"Calendar Year (Jan - Dec), 2011",,23.86359568650442520690,0.00000000000000000000
India,Lakshadweep,"Calendar Year (Jan - Dec), 2011",,8,0
India,Madhya Pradesh,"Calendar Year (Jan - Dec), 2011",,91851,109
India,Maharashtra,"Calendar Year (Jan - Dec), 2011",,96577,118
India,Manipur,"Calendar Year (Jan - Dec), 2011",,714,1
India,Meghalaya,"Calendar Year (Jan - Dec), 2011",,25143,53
India,Mizoram,"Calendar Year (Jan - Dec), 2011",,8861,30
India,Nagaland,"Calendar Year (Jan - Dec), 2011",,3363,4
India,Odisha,"Calendar Year (Jan - Dec), 2011",,308968,99
India,Puducherry,"Calendar Year (Jan - Dec), 2011",,196,1
India,Punjab,"Calendar Year (Jan - Dec), 2011",,2693,3
India,Rajasthan,"Calendar Year (Jan - Dec), 2011",,54294,45
India,Sikkim,"Calendar Year (Jan - Dec), 2011",,51,0
India,Tamil Nadu,"Calendar Year (Jan - Dec), 2011",,22171,0
India,Telangana,"Calendar Year (Jan - Dec), 2011",,,
India,The Dadra And Nagar Haveli And Daman And Diu,"Calendar Year (Jan - Dec), 2011",,5412.00000000000000000000,0.00000000000000000000
India,Tripura,"Calendar Year (Jan - Dec), 2011",,14417,12
India,Uttar Pradesh,"Calendar Year (Jan - Dec), 2011",,56968,0
India,Uttarakhand,"Calendar Year (Jan - Dec), 2011",,1277,1
India,West Bengal,"Calendar Year (Jan - Dec), 2011",,66368,19
India,Andaman And Nicobar Islands,"Calendar Year (Jan - Dec), 2010",,2484,0
India,Andhra Pradesh,"Calendar Year (Jan - Dec), 2010",,19573.33875614550100441158,11.72301904958853712120
India,Arunachal Pradesh,"Calendar Year (Jan - Dec), 2010",,17944,103
India,Assam,"Calendar Year (Jan - Dec), 2010",,68353,36
India,Bihar,"Calendar Year (Jan - Dec), 2010",,1908,1
India,Chandigarh,"Calendar Year (Jan - Dec), 2010",,351,0
India,Chhattisgarh,"Calendar Year (Jan - Dec), 2010",,152209,47
India,Delhi,"Calendar Year (Jan - Dec), 2010",,251,0
India,Goa,"Calendar Year (Jan - Dec), 2010",,2368,1
India,Gujarat,"Calendar Year (Jan - Dec), 2010",,66501,71
India,Haryana,"Calendar Year (Jan - Dec), 2010",,18921,0
India,Himachal Pradesh,"Calendar Year (Jan - Dec), 2010",,210,0
India,Jammu And Kashmir,"Calendar Year (Jan - Dec), 2010",,784.45774175932488632820,0.00000000000000000000
India,Jharkhand,"Calendar Year (Jan - Dec), 2010",,199842,16
India,Karnataka,"Calendar Year (Jan - Dec), 2010",,44319,11
India,Kerala,"Calendar Year (Jan - Dec), 2010",,2299,7
India,Ladakh,"Calendar Year (Jan - Dec), 2010",,17.54225824067511367180,0.00000000000000000000
India,Lakshadweep,"Calendar Year (Jan - Dec), 2010",,6,0
India,Madhya Pradesh,"Calendar Year (Jan - Dec), 2010",,87165,31
India,Maharashtra,"Calendar Year (Jan - Dec), 2010",,139198,200
India,Manipur,"Calendar Year (Jan - Dec), 2010",,947,4
India,Meghalaya,"Calendar Year (Jan - Dec), 2010",,41642,87
India,Mizoram,"Calendar Year (Jan - Dec), 2010",,15594,31
India,Nagaland,"Calendar Year (Jan - Dec), 2010",,4959,14
India,Odisha,"Calendar Year (Jan - Dec), 2010",,395651,247
India,Puducherry,"Calendar Year (Jan - Dec), 2010",,175,0
India,Punjab,"Calendar Year (Jan - Dec), 2010",,3477,0
India,Rajasthan,"Calendar Year (Jan - Dec), 2010",,50963,26
India,Sikkim,"Calendar Year (Jan - Dec), 2010",,49,0
India,Tamil Nadu,"Calendar Year (Jan - Dec), 2010",,17086,3
India,Telangana,"Calendar Year (Jan - Dec), 2010",,13819.66124385449899558842,8.27698095041146287880
India,The Dadra And Nagar Haveli And Daman And Diu,"Calendar Year (Jan - Dec), 2010",,5907.00000000000000000000,0.00000000000000000000
India,Tripura,"Calendar Year (Jan - Dec), 2010",,23939,15
India,Uttar Pradesh,"Calendar Year (Jan - Dec), 2010",,64606,0
India,Uttarakhand,"Calendar Year (Jan - Dec), 2010",,1672,0
India,West Bengal,"Calendar Year (Jan - Dec), 2010",,134795,47
India,Andaman And Nicobar Islands,"Calendar Year (Jan - Dec), 2009",,5760,0
India,Andhra Pradesh,"Calendar Year (Jan - Dec), 2009",,14742.86875676254428362112,1.75845285743828056818
India,Arunachal Pradesh,"Calendar Year (Jan - Dec), 2009",,22066,15
India,Assam,"Calendar Year (Jan - Dec), 2009",,91413,63
India,Bihar,"Calendar Year (Jan - Dec), 2009",,3255,21
India,Chandigarh,"Calendar Year (Jan - Dec), 2009",,430,0
India,Chhattisgarh,"Calendar Year (Jan - Dec), 2009",,129397,11
India,Delhi,"Calendar Year (Jan - Dec), 2009",,169,0
India,Goa,"Calendar Year (Jan - Dec), 2009",,5056,10
India,Gujarat,"Calendar Year (Jan - Dec), 2009",,45902,34
India,Haryana,"Calendar Year (Jan - Dec), 2009",,30168,0
India,Himachal Pradesh,"Calendar Year (Jan - Dec), 2009",,192,0
India,Jammu And Kashmir,"Calendar Year (Jan - Dec), 2009",,338.43189357696559933860,0.00000000000000000000
India,Jharkhand,"Calendar Year (Jan - Dec), 2009",,230683,28
India,Karnataka,"Calendar Year (Jan - Dec), 2009",,36859,0
India,Kerala,"Calendar Year (Jan - Dec), 2009",,2046,5
India,Ladakh,"Calendar Year (Jan - Dec), 2009",,7.56810642303440066140,0.00000000000000000000
India,Lakshadweep,"Calendar Year (Jan - Dec), 2009",,8,0
India,Madhya Pradesh,"Calendar Year (Jan - Dec), 2009",,87628,26
India,Maharashtra,"Calendar Year (Jan - Dec), 2009",,93818,227
India,Manipur,"Calendar Year (Jan - Dec), 2009",,1069,1
India,Meghalaya,"Calendar Year (Jan - Dec), 2009",,76759,192
India,Mizoram,"Calendar Year (Jan - Dec), 2009",,9399,119
India,Nagaland,"Calendar Year (Jan - Dec), 2009",,8489,35
India,Odisha,"Calendar Year (Jan - Dec), 2009",,380904,198
India,Puducherry,"Calendar Year (Jan - Dec), 2009",,65,0
India,Punjab,"Calendar Year (Jan - Dec), 2009",,2955,0
India,Rajasthan,"Calendar Year (Jan - Dec), 2009",,32709,18
India,Sikkim,"Calendar Year (Jan - Dec), 2009",,42,1
India,Tamil Nadu,"Calendar Year (Jan - Dec), 2009",,14988,1
India,Telangana,"Calendar Year (Jan - Dec), 2009",,10409.13124323745571637888,1.24154714256171943182
India,The Dadra And Nagar Haveli And Daman And Diu,"Calendar Year (Jan - Dec), 2009",,3505.00000000000000000000,0.00000000000000000000
India,Tripura,"Calendar Year (Jan - Dec), 2009",,24430,62
India,Uttar Pradesh,"Calendar Year (Jan - Dec), 2009",,55437,0
India,Uttarakhand,"Calendar Year (Jan - Dec), 2009",,1264,0
India,West Bengal,"Calendar Year (Jan - Dec), 2009",,141211,74
India,Andaman And Nicobar Islands,"Calendar Year (Jan - Dec), 2008",,4688,0
India,Andhra Pradesh,"Calendar Year (Jan - Dec), 2008",,15488.45276831637524452944,0.00000000000000000000
India,Arunachal Pradesh,"Calendar Year (Jan - Dec), 2008",,29146,27
India,Assam,"Calendar Year (Jan - Dec), 2008",,83939,86
India,Bihar,"Calendar Year (Jan - Dec), 2008",,2541,0
India,Chandigarh,"Calendar Year (Jan - Dec), 2008",,347,0
India,Chhattisgarh,"Calendar Year (Jan - Dec), 2008",,123495,4
India,Delhi,"Calendar Year (Jan - Dec), 2008",,253,0
India,Goa,"Calendar Year (Jan - Dec), 2008",,9822,21
India,Gujarat,"Calendar Year (Jan - Dec), 2008",,51161,43
India,Haryana,"Calendar Year (Jan - Dec), 2008",,35683,0
India,Himachal Pradesh,"Calendar Year (Jan - Dec), 2008",,146,0
India,Jammu And Kashmir,"Calendar Year (Jan - Dec), 2008",,212.25352863064027472970,0.97812686004903352410
India,Jharkhand,"Calendar Year (Jan - Dec), 2008",,214299,25
India,Karnataka,"Calendar Year (Jan - Dec), 2008",,47344,8
India,Kerala,"Calendar Year (Jan - Dec), 2008",,1804,4
India,Ladakh,"Calendar Year (Jan - Dec), 2008",,4.74647136935972527030,0.02187313995096647590
India,Lakshadweep,"Calendar Year (Jan - Dec), 2008",,0,0
India,Madhya Pradesh,"Calendar Year (Jan - Dec), 2008",,105312,53
India,Maharashtra,"Calendar Year (Jan - Dec), 2008",,67333,148
India,Manipur,"Calendar Year (Jan - Dec), 2008",,708,2
India,Meghalaya,"Calendar Year (Jan - Dec), 2008",,39616,73
India,Mizoram,"Calendar Year (Jan - Dec), 2008",,7361,91
India,Nagaland,"Calendar Year (Jan - Dec), 2008",,5078,19
India,Odisha,"Calendar Year (Jan - Dec), 2008",,375430,239
India,Puducherry,"Calendar Year (Jan - Dec), 2008",,72,0
India,Punjab,"Calendar Year (Jan - Dec), 2008",,2494,0
India,Rajasthan,"Calendar Year (Jan - Dec), 2008",,57482,54
India,Sikkim,"Calendar Year (Jan - Dec), 2008",,38,0
India,Tamil Nadu,"Calendar Year (Jan - Dec), 2008",,21046,2
India,Telangana,"Calendar Year (Jan - Dec), 2008",,10935.54723168362475547056,0.00000000000000000000
India,The Dadra And Nagar Haveli And Daman And Diu,"Calendar Year (Jan - Dec), 2008",,3152.00000000000000000000,0.00000000000000000000
India,Tripura,"Calendar Year (Jan - Dec), 2008",,25894,51
India,Uttar Pradesh,"Calendar Year (Jan - Dec), 2008",,93383,0
India,Uttarakhand,"Calendar Year (Jan - Dec), 2008",,1059,0
India,West Bengal,"Calendar Year (Jan - Dec), 2008",,89443,104
India,Andaman And Nicobar Islands,"Calendar Year (Jan - Dec), 2007",,3973,0
India,Andhra Pradesh,"Calendar Year (Jan - Dec), 2007",,16296.75493178550487903618,1.17230190495885371212
India,Arunachal Pradesh,"Calendar Year (Jan - Dec), 2007",,32072,36
India,Assam,"Calendar Year (Jan - Dec), 2007",,94853,152
India,Bihar,"Calendar Year (Jan - Dec), 2007",,1595,1
India,Chandigarh,"Calendar Year (Jan - Dec), 2007",,340,0
India,Chhattisgarh,"Calendar Year (Jan - Dec), 2007",,147525,0
India,Delhi,"Calendar Year (Jan - Dec), 2007",,182,0
India,Goa,"Calendar Year (Jan - Dec), 2007",,9755,11
India,Gujarat,"Calendar Year (Jan - Dec), 2007",,71121,73
India,Haryana,"Calendar Year (Jan - Dec), 2007",,30895,0
India,Himachal Pradesh,"Calendar Year (Jan - Dec), 2007",,104,0
India,Jammu And Kashmir,"Calendar Year (Jan - Dec), 2007",,234.75044641176804578400,0.97812686004903352410
India,Jharkhand,"Calendar Year (Jan - Dec), 2007",,184878,31
India,Karnataka,"Calendar Year (Jan - Dec), 2007",,49355,18
India,Kerala,"Calendar Year (Jan - Dec), 2007",,1927,6
India,Ladakh,"Calendar Year (Jan - Dec), 2007",,5.24955358823195421600,0.02187313995096647590
India,Lakshadweep,"Calendar Year (Jan - Dec), 2007",,0,0
India,Madhya Pradesh,"Calendar Year (Jan - Dec), 2007",,90829,41
India,Maharashtra,"Calendar Year (Jan - Dec), 2007",,67850,182
India,Manipur,"Calendar Year (Jan - Dec), 2007",,1194,4
India,Meghalaya,"Calendar Year (Jan - Dec), 2007",,36337,237
India,Mizoram,"Calendar Year (Jan - Dec), 2007",,6081,75
India,Nagaland,"Calendar Year (Jan - Dec), 2007",,4976,26
India,Odisha,"Calendar Year (Jan - Dec), 2007",,371879,221
India,Puducherry,"Calendar Year (Jan - Dec), 2007",,68,0
India,Punjab,"Calendar Year (Jan - Dec), 2007",,2017,0
India,Rajasthan,"Calendar Year (Jan - Dec), 2007",,55043,46
India,Sikkim,"Calendar Year (Jan - Dec), 2007",,48,0
India,Tamil Nadu,"Calendar Year (Jan - Dec), 2007",,22389,1
India,Telangana,"Calendar Year (Jan - Dec), 2007",,11506.24506821449512096382,0.82769809504114628788
India,The Dadra And Nagar Haveli And Daman And Diu,"Calendar Year (Jan - Dec), 2007",,3879.00000000000000000000,0.00000000000000000000
India,Tripura,"Calendar Year (Jan - Dec), 2007",,18474,51
India,Uttar Pradesh,"Calendar Year (Jan - Dec), 2007",,82538,0
India,Uttarakhand,"Calendar Year (Jan - Dec), 2007",,953,0
India,West Bengal,"Calendar Year (Jan - Dec), 2007",,87754,96
India,Andaman And Nicobar Islands,"Calendar Year (Jan - Dec), 2006",,2993,1
India,Andhra Pradesh,"Calendar Year (Jan - Dec), 2006",,19976.61061145134668138086,0.00000000000000000000
India,Arunachal Pradesh,"Calendar Year (Jan - Dec), 2006",,39182,196
India,Assam,"Calendar Year (Jan - Dec), 2006",,126178,304
India,Bihar,"Calendar Year (Jan - Dec), 2006",,2744,1
India,Chandigarh,"Calendar Year (Jan - Dec), 2006",,449,0
India,Chhattisgarh,"Calendar Year (Jan - Dec), 2006",,190590,3
India,Delhi,"Calendar Year (Jan - Dec), 2006",,928,0
India,Goa,"Calendar Year (Jan - Dec), 2006",,5010,7
India,Gujarat,"Calendar Year (Jan - Dec), 2006",,89835,45
India,Haryana,"Calendar Year (Jan - Dec), 2006",,47142,0
India,Himachal Pradesh,"Calendar Year (Jan - Dec), 2006",,114,0
India,Jammu And Kashmir,"Calendar Year (Jan - Dec), 2006",,160.41280504804149795240,0.00000000000000000000
India,Jharkhand,"Calendar Year (Jan - Dec), 2006",,193888,4
India,Karnataka,"Calendar Year (Jan - Dec), 2006",,62842,32
India,Kerala,"Calendar Year (Jan - Dec), 2006",,2131,6
India,Ladakh,"Calendar Year (Jan - Dec), 2006",,3.58719495195850204760,0.00000000000000000000
India,Lakshadweep,"Calendar Year (Jan - Dec), 2006",,0,0
India,Madhya Pradesh,"Calendar Year (Jan - Dec), 2006",,96160,56
India,Maharashtra,"Calendar Year (Jan - Dec), 2006",,54420,133
India,Manipur,"Calendar Year (Jan - Dec), 2006",,2709,8
India,Meghalaya,"Calendar Year (Jan - Dec), 2006",,29924,167
India,Mizoram,"Calendar Year (Jan - Dec), 2006",,10668,120
India,Nagaland,"Calendar Year (Jan - Dec), 2006",,3361,75
India,Odisha,"Calendar Year (Jan - Dec), 2006",,380216,257
India,Puducherry,"Calendar Year (Jan - Dec), 2006",,50,0
India,Punjab,"Calendar Year (Jan - Dec), 2006",,1888,0
India,Rajasthan,"Calendar Year (Jan - Dec), 2006",,99529,58
India,Sikkim,"Calendar Year (Jan - Dec), 2006",,93,0
India,Tamil Nadu,"Calendar Year (Jan - Dec), 2006",,28219,0
India,Telangana,"Calendar Year (Jan - Dec), 2006",,14104.38938854865331861914,0.00000000000000000000
India,The Dadra And Nagar Haveli And Daman And Diu,"Calendar Year (Jan - Dec), 2006",,3926.00000000000000000000,0.00000000000000000000
India,Tripura,"Calendar Year (Jan - Dec), 2006",,23375,31
India,Uttar Pradesh,"Calendar Year (Jan - Dec), 2006",,91566,0
India,Uttarakhand,"Calendar Year (Jan - Dec), 2006",,1108,0
India,West Bengal,"Calendar Year (Jan - Dec), 2006",,159646,203
India,Andaman And Nicobar Islands,"Calendar Year (Jan - Dec), 2005",,3954,0
India,Andhra Pradesh,"Calendar Year (Jan - Dec), 2005",,22917.91609099311064508994,0.00000000000000000000
India,Arunachal Pradesh,"Calendar Year (Jan - Dec), 2005",,31215,0
India,Assam,"Calendar Year (Jan - Dec), 2005",,67885,113
India,Bihar,"Calendar Year (Jan - Dec), 2005",,2733,1
India,Chandigarh,"Calendar Year (Jan - Dec), 2005",,432,0
India,Chhattisgarh,"Calendar Year (Jan - Dec), 2005",,187950,3
India,Delhi,"Calendar Year (Jan - Dec), 2005",,1133,0
India,Goa,"Calendar Year (Jan - Dec), 2005",,3747,1
India,Gujarat,"Calendar Year (Jan - Dec), 2005",,179023,54
India,Haryana,"Calendar Year (Jan - Dec), 2005",,33262,0
India,Himachal Pradesh,"Calendar Year (Jan - Dec), 2005",,129,0
India,Jammu And Kashmir,"Calendar Year (Jan - Dec), 2005",,262.13799849314098445880,0.00000000000000000000
India,Jharkhand,"Calendar Year (Jan - Dec), 2005",,193144,21
India,Karnataka,"Calendar Year (Jan - Dec), 2005",,83181,26
India,Kerala,"Calendar Year (Jan - Dec), 2005",,2554,6
India,Ladakh,"Calendar Year (Jan - Dec), 2005",,5.86200150685901554120,0.00000000000000000000
India,Lakshadweep,"Calendar Year (Jan - Dec), 2005",,0,0
India,Madhya Pradesh,"Calendar Year (Jan - Dec), 2005",,104317,44
India,Maharashtra,"Calendar Year (Jan - Dec), 2005",,47608,104
India,Manipur,"Calendar Year (Jan - Dec), 2005",,2071,3
India,Meghalaya,"Calendar Year (Jan - Dec), 2005",,16816,41
India,Mizoram,"Calendar Year (Jan - Dec), 2005",,10741,74
India,Nagaland,"Calendar Year (Jan - Dec), 2005",,2987,0
India,Odisha,"Calendar Year (Jan - Dec), 2005",,396573,255
India,Puducherry,"Calendar Year (Jan - Dec), 2005",,44,0
India,Punjab,"Calendar Year (Jan - Dec), 2005",,1883,0
India,Rajasthan,"Calendar Year (Jan - Dec), 2005",,52286,22
India,Sikkim,"Calendar Year (Jan - Dec), 2005",,69,0
India,Tamil Nadu,"Calendar Year (Jan - Dec), 2005",,39678,0
India,Telangana,"Calendar Year (Jan - Dec), 2005",,16181.08390900688935491006,0.00000000000000000000
India,The Dadra And Nagar Haveli And Daman And Diu,"Calendar Year (Jan - Dec), 2005",,1270.00000000000000000000,0.00000000000000000000
India,Tripura,"Calendar Year (Jan - Dec), 2005",,18008,20
India,Uttar Pradesh,"Calendar Year (Jan - Dec), 2005",,105303,0
India,Uttarakhand,"Calendar Year (Jan - Dec), 2005",,1242,0
India,West Bengal,"Calendar Year (Jan - Dec), 2005",,185964,175
India,Andaman And Nicobar Islands,"Calendar Year (Jan - Dec), 2004",,745,0
India,Andhra Pradesh,"Calendar Year (Jan - Dec), 2004",,20765.56979348865522963762,1.17230190495885371212
India,Arunachal Pradesh,"Calendar Year (Jan - Dec), 2004",,29849,0
India,Assam,"Calendar Year (Jan - Dec), 2004",,58134,54
India,Bihar,"Calendar Year (Jan - Dec), 2004",,1872,0
India,Chandigarh,"Calendar Year (Jan - Dec), 2004",,199,0
India,Chhattisgarh,"Calendar Year (Jan - Dec), 2004",,194256,4
India,Delhi,"Calendar Year (Jan - Dec), 2004",,1316,0
India,Goa,"Calendar Year (Jan - Dec), 2004",,7839,7
India,Gujarat,"Calendar Year (Jan - Dec), 2004",,222759,89
India,Haryana,"Calendar Year (Jan - Dec), 2004",,10064,0
India,Himachal Pradesh,"Calendar Year (Jan - Dec), 2004",,126,0
India,Jammu And Kashmir,"Calendar Year (Jan - Dec), 2004",,244.53171501225838102500,0.00000000000000000000
India,Jharkhand,"Calendar Year (Jan - Dec), 2004",,73893,39
India,Karnataka,"Calendar Year (Jan - Dec), 2004",,80961,27
India,Kerala,"Calendar Year (Jan - Dec), 2004",,2790,12
India,Ladakh,"Calendar Year (Jan - Dec), 2004",,5.46828498774161897500,0.00000000000000000000
India,Lakshadweep,"Calendar Year (Jan - Dec), 2004",,2,0
India,Madhya Pradesh,"Calendar Year (Jan - Dec), 2004",,132094,36
India,Maharashtra,"Calendar Year (Jan - Dec), 2004",,68988,61
India,Manipur,"Calendar Year (Jan - Dec), 2004",,2736,8
India,Meghalaya,"Calendar Year (Jan - Dec), 2004",,18080,29
India,Mizoram,"Calendar Year (Jan - Dec), 2004",,7830,72
India,Nagaland,"Calendar Year (Jan - Dec), 2004",,2486,1
India,Odisha,"Calendar Year (Jan - Dec), 2004",,416732,283
India,Puducherry,"Calendar Year (Jan - Dec), 2004",,43,0
India,Punjab,"Calendar Year (Jan - Dec), 2004",,1643,0
India,Rajasthan,"Calendar Year (Jan - Dec), 2004",,105022,20
India,Sikkim,"Calendar Year (Jan - Dec), 2004",,160,3
India,Tamil Nadu,"Calendar Year (Jan - Dec), 2004",,41732,0
India,Telangana,"Calendar Year (Jan - Dec), 2004",,14661.43020651134477036238,0.82769809504114628788
India,The Dadra And Nagar Haveli And Daman And Diu,"Calendar Year (Jan - Dec), 2004",,905.00000000000000000000,0.00000000000000000000
India,Tripura,"Calendar Year (Jan - Dec), 2004",,17453,16
India,Uttar Pradesh,"Calendar Year (Jan - Dec), 2004",,85868,0
India,Uttarakhand,"Calendar Year (Jan - Dec), 2004",,1255,0
India,West Bengal,"Calendar Year (Jan - Dec), 2004",,220904,180
India,Andaman And Nicobar Islands,"Calendar Year (Jan - Dec), 2003",,753,0
India,Andhra Pradesh,"Calendar Year (Jan - Dec), 2003",,21098.50353449696968387970,1.75845285743828056818
India,Arunachal Pradesh,"Calendar Year (Jan - Dec), 2003",,34810,0
India,Assam,"Calendar Year (Jan - Dec), 2003",,76570,53
India,Bihar,"Calendar Year (Jan - Dec), 2003",,2652,1
India,Chandigarh,"Calendar Year (Jan - Dec), 2003",,84,0
India,Chhattisgarh,"Calendar Year (Jan - Dec), 2003",,194419,4
India,Delhi,"Calendar Year (Jan - Dec), 2003",,839,0
India,Goa,"Calendar Year (Jan - Dec), 2003",,11370,1
India,Gujarat,"Calendar Year (Jan - Dec), 2003",,130744,65
India,Haryana,"Calendar Year (Jan - Dec), 2003",,4374,0
India,Himachal Pradesh,"Calendar Year (Jan - Dec), 2003",,133,0
India,Jammu And Kashmir,"Calendar Year (Jan - Dec), 2003",,313.00059521569072771200,0.00000000000000000000
India,Jharkhand,"Calendar Year (Jan - Dec), 2003",,118902,13
India,Karnataka,"Calendar Year (Jan - Dec), 2003",,100220,22
India,Kerala,"Calendar Year (Jan - Dec), 2003",,2575,7
India,Ladakh,"Calendar Year (Jan - Dec), 2003",,6.99940478430927228800,0.00000000000000000000
India,Lakshadweep,"Calendar Year (Jan - Dec), 2003",,6,0
India,Madhya Pradesh,"Calendar Year (Jan - Dec), 2003",,99708,22
India,Maharashtra,"Calendar Year (Jan - Dec), 2003",,62947,85
India,Manipur,"Calendar Year (Jan - Dec), 2003",,2589,17
India,Meghalaya,"Calendar Year (Jan - Dec), 2003",,18366,38
India,Mizoram,"Calendar Year (Jan - Dec), 2003",,7293,48
India,Nagaland,"Calendar Year (Jan - Dec), 2003",,3370,0
India,Odisha,"Calendar Year (Jan - Dec), 2003",,421323,333
India,Puducherry,"Calendar Year (Jan - Dec), 2003",,63,0
India,Punjab,"Calendar Year (Jan - Dec), 2003",,379,1
India,Rajasthan,"Calendar Year (Jan - Dec), 2003",,142738,66
India,Sikkim,"Calendar Year (Jan - Dec), 2003",,278,0
India,Tamil Nadu,"Calendar Year (Jan - Dec), 2003",,43604,0
India,Telangana,"Calendar Year (Jan - Dec), 2003",,14896.49646550303031612030,1.24154714256171943182
India,The Dadra And Nagar Haveli And Daman And Diu,"Calendar Year (Jan - Dec), 2003",,609.00000000000000000000,0.00000000000000000000
India,Tripura,"Calendar Year (Jan - Dec), 2003",,13807,13
India,Uttar Pradesh,"Calendar Year (Jan - Dec), 2003",,101411,0
India,Uttarakhand,"Calendar Year (Jan - Dec), 2003",,2350,0
India,West Bengal,"Calendar Year (Jan - Dec), 2003",,233802,214
India,Andaman And Nicobar Islands,"Calendar Year (Jan - Dec), 2002",,865,1
India,Andhra Pradesh,"Calendar Year (Jan - Dec), 2002",,22304.80219469963015365118,0.00000000000000000000
India,Arunachal Pradesh,"Calendar Year (Jan - Dec), 2002",,46431,0
India,Assam,"Calendar Year (Jan - Dec), 2002",,89601,72
India,Bihar,"Calendar Year (Jan - Dec), 2002",,3683,2
India,Chandigarh,"Calendar Year (Jan - Dec), 2002",,157,0
India,Chhattisgarh,"Calendar Year (Jan - Dec), 2002",,235434,3
India,Delhi,"Calendar Year (Jan - Dec), 2002",,1484,0
India,Goa,"Calendar Year (Jan - Dec), 2002",,16818,15
India,Gujarat,"Calendar Year (Jan - Dec), 2002",,82966,17
India,Haryana,"Calendar Year (Jan - Dec), 2002",,936,0
India,Himachal Pradesh,"Calendar Year (Jan - Dec), 2002",,176,0
India,Jammu And Kashmir,"Calendar Year (Jan - Dec), 2002",,445.04772132231025346550,0.00000000000000000000
India,Jharkhand,"Calendar Year (Jan - Dec), 2002",,126589,31
India,Karnataka,"Calendar Year (Jan - Dec), 2002",,132584,33
India,Kerala,"Calendar Year (Jan - Dec), 2002",,3360,8
India,Ladakh,"Calendar Year (Jan - Dec), 2002",,9.95227867768974653450,0.00000000000000000000
India,Lakshadweep,"Calendar Year (Jan - Dec), 2002",,8,0
India,Madhya Pradesh,"Calendar Year (Jan - Dec), 2002",,108818,30
India,Maharashtra,"Calendar Year (Jan - Dec), 2002",,45568,43
India,Manipur,"Calendar Year (Jan - Dec), 2002",,1268,9
India,Meghalaya,"Calendar Year (Jan - Dec), 2002",,17918,41
India,Mizoram,"Calendar Year (Jan - Dec), 2002",,7859,35
India,Nagaland,"Calendar Year (Jan - Dec), 2002",,3945,0
India,Odisha,"Calendar Year (Jan - Dec), 2002",,473223,465
India,Puducherry,"Calendar Year (Jan - Dec), 2002",,103,0
India,Punjab,"Calendar Year (Jan - Dec), 2002",,250,0
India,Rajasthan,"Calendar Year (Jan - Dec), 2002",,68627,11
India,Sikkim,"Calendar Year (Jan - Dec), 2002",,53,0
India,Tamil Nadu,"Calendar Year (Jan - Dec), 2002",,34523,0
India,Telangana,"Calendar Year (Jan - Dec), 2002",,15748.19780530036984634882,0.00000000000000000000
India,The Dadra And Nagar Haveli And Daman And Diu,"Calendar Year (Jan - Dec), 2002",,666.00000000000000000000,0.00000000000000000000
India,Tripura,"Calendar Year (Jan - Dec), 2002",,13319,5
India,Uttar Pradesh,"Calendar Year (Jan - Dec), 2002",,90199,0
India,Uttarakhand,"Calendar Year (Jan - Dec), 2002",,1659,0
India,West Bengal,"Calendar Year (Jan - Dec), 2002",,194421,152
India,Andaman And Nicobar Islands,"Calendar Year (Jan - Dec), 2001",,925,1
India,Andhra Pradesh,"Calendar Year (Jan - Dec), 2001",,33841.42524139970953462410,0.58615095247942685606
India,Arunachal Pradesh,"Calendar Year (Jan - Dec), 2001",,56030,14
India,Assam,"Calendar Year (Jan - Dec), 2001",,95142,122
India,Bihar,"Calendar Year (Jan - Dec), 2001",,4108,0
India,Chandigarh,"Calendar Year (Jan - Dec), 2001",,298,0
India,Chhattisgarh,"Calendar Year (Jan - Dec), 2001",,290666,32
India,Delhi,"Calendar Year (Jan - Dec), 2001",,1484,0
India,Goa,"Calendar Year (Jan - Dec), 2001",,12331,12
India,Gujarat,"Calendar Year (Jan - Dec), 2001",,81347,19
India,Haryana,"Calendar Year (Jan - Dec), 2001",,1202,0
India,Himachal Pradesh,"Calendar Year (Jan - Dec), 2001",,349,0
India,Jammu And Kashmir,"Calendar Year (Jan - Dec), 2001",,892.05169636471857397920,0.00000000000000000000
India,Jharkhand,"Calendar Year (Jan - Dec), 2001",,130784,21
India,Karnataka,"Calendar Year (Jan - Dec), 2001",,197625,21
India,Kerala,"Calendar Year (Jan - Dec), 2001",,2289,9
India,Ladakh,"Calendar Year (Jan - Dec), 2001",,19.94830363528142602080,0.00000000000000000000
India,Lakshadweep,"Calendar Year (Jan - Dec), 2001",,0,0
India,Madhya Pradesh,"Calendar Year (Jan - Dec), 2001",,183118,81
India,Maharashtra,"Calendar Year (Jan - Dec), 2001",,56043,50
India,Manipur,"Calendar Year (Jan - Dec), 2001",,943,5
India,Meghalaya,"Calendar Year (Jan - Dec), 2001",,20630,17
India,Mizoram,"Calendar Year (Jan - Dec), 2001",,10929,43
India,Nagaland,"Calendar Year (Jan - Dec), 2001",,4318,1
India,Odisha,"Calendar Year (Jan - Dec), 2001",,454541,305
India,Puducherry,"Calendar Year (Jan - Dec), 2001",,106,0
India,Punjab,"Calendar Year (Jan - Dec), 2001",,604,0
India,Rajasthan,"Calendar Year (Jan - Dec), 2001",,129233,36
India,Sikkim,"Calendar Year (Jan - Dec), 2001",,31,0
India,Tamil Nadu,"Calendar Year (Jan - Dec), 2001",,31551,0
India,Telangana,"Calendar Year (Jan - Dec), 2001",,23893.57475860029046537590,0.41384904752057314394
India,The Dadra And Nagar Haveli And Daman And Diu,"Calendar Year (Jan - Dec), 2001",,935.00000000000000000000,0.00000000000000000000
India,Tripura,"Calendar Year (Jan - Dec), 2001",,18502,9
India,Uttar Pradesh,"Calendar Year (Jan - Dec), 2001",,94524,15
India,Uttarakhand,"Calendar Year (Jan - Dec), 2001",,1196,0
India,West Bengal,"Calendar Year (Jan - Dec), 2001",,145053,191
